retrieval_run_id,retrieval_method,question_id,first_relevant_rank,reciprocal_rank,chunks_to_full_coverage,top_10_chunk_ids_json,top_10_scores_json,top_10_relevant_flags_json
mit60001_hybrid_be1b8bf6a64e3b8e,dense_baseline_v1,mit60001-q-001,1,1.0,10,"[""nykOeWgQcHM:semantic_cosine_wp240_v1:6"",""nykOeWgQcHM:semantic_cosine_wp240_v1:3"",""nykOeWgQcHM:semantic_cosine_wp240_v1:7"",""nykOeWgQcHM:semantic_cosine_wp240_v1:5"",""nykOeWgQcHM:semantic_cosine_wp240_v1:12"",""o9nW0uBqvEo:semantic_cosine_wp240_v1:0"",""nykOeWgQcHM:semantic_cosine_wp240_v1:8"",""9H6muyZjms0:semantic_cosine_wp240_v1:0"",""2__KumJsGXc:semantic_cosine_wp240_v1:0"",""6LOwPhPDwVc:semantic_cosine_wp240_v1:77""]","[0.45026976,0.4196167,0.40323442,0.3892127,0.35478374,0.35360771,0.34288538,0.3417058,0.3403247,0.34014621]","[true,true,false,true,false,false,false,false,false,true]"
mit60001_hybrid_be1b8bf6a64e3b8e,bm25_v1,mit60001-q-001,1,1.0,425,"[""nykOeWgQcHM:semantic_cosine_wp240_v1:6"",""WPSeyjX1-4s:semantic_cosine_wp240_v1:55"",""WPSeyjX1-4s:semantic_cosine_wp240_v1:1"",""nykOeWgQcHM:semantic_cosine_wp240_v1:9"",""nykOeWgQcHM:semantic_cosine_wp240_v1:10"",""SE4P7IVCunE:semantic_cosine_wp240_v1:1"",""nykOeWgQcHM:semantic_cosine_wp240_v1:3"",""6LOwPhPDwVc:semantic_cosine_wp240_v1:47"",""WPSeyjX1-4s:semantic_cosine_wp240_v1:2"",""FlGjISF3l78:semantic_cosine_wp240_v1:57""]","[14.3186732,10.32351855,9.49249568,9.4208777,8.42449678,7.70636563,7.65245978,7.62321311,7.56478371,7.458367]","[true,false,false,false,false,false,true,false,false,false]"
mit60001_hybrid_be1b8bf6a64e3b8e,hybrid_rrf_k60_d100_v1,mit60001-q-001,1,1.0,36,"[""nykOeWgQcHM:semantic_cosine_wp240_v1:6"",""nykOeWgQcHM:semantic_cosine_wp240_v1:3"",""o9nW0uBqvEo:semantic_cosine_wp240_v1:0"",""WPSeyjX1-4s:semantic_cosine_wp240_v1:55"",""nykOeWgQcHM:semantic_cosine_wp240_v1:10"",""nykOeWgQcHM:semantic_cosine_wp240_v1:5"",""nykOeWgQcHM:semantic_cosine_wp240_v1:7"",""SE4P7IVCunE:semantic_cosine_wp240_v1:28"",""nykOeWgQcHM:semantic_cosine_wp240_v1:8"",""WPSeyjX1-4s:semantic_cosine_wp240_v1:0""]","[0.03278689,0.03105441,0.02765152,0.02736499,0.02625418,0.02615132,0.02521881,0.02519562,0.02463411,0.0245682]","[true,true,false,false,false,true,false,false,false,false]"
mit60001_hybrid_be1b8bf6a64e3b8e,dense_baseline_v1,mit60001-q-002,4,0.25,4,"[""nykOeWgQcHM:semantic_cosine_wp240_v1:7"",""nykOeWgQcHM:semantic_cosine_wp240_v1:6"",""nykOeWgQcHM:semantic_cosine_wp240_v1:5"",""nykOeWgQcHM:semantic_cosine_wp240_v1:3"",""nykOeWgQcHM:semantic_cosine_wp240_v1:8"",""nykOeWgQcHM:semantic_cosine_wp240_v1:4"",""nykOeWgQcHM:semantic_cosine_wp240_v1:2"",""-DP1i2ZU9gk:semantic_cosine_wp240_v1:0"",""MjbuarJ7SE0:semantic_cosine_wp240_v1:5"",""MjbuarJ7SE0:semantic_cosine_wp240_v1:24""]","[0.63967401,0.60229814,0.57399601,0.5258621,0.51018894,0.4597114,0.44794807,0.4353157,0.42804447,0.41043955]","[false,false,false,true,false,true,false,false,false,false]"
mit60001_hybrid_be1b8bf6a64e3b8e,bm25_v1,mit60001-q-002,1,1.0,4,"[""nykOeWgQcHM:semantic_cosine_wp240_v1:4"",""nykOeWgQcHM:semantic_cosine_wp240_v1:5"",""nykOeWgQcHM:semantic_cosine_wp240_v1:6"",""nykOeWgQcHM:semantic_cosine_wp240_v1:3"",""WPSeyjX1-4s:semantic_cosine_wp240_v1:55"",""o9nW0uBqvEo:semantic_cosine_wp240_v1:66"",""6LOwPhPDwVc:semantic_cosine_wp240_v1:75"",""nykOeWgQcHM:semantic_cosine_wp240_v1:17"",""nykOeWgQcHM:semantic_cosine_wp240_v1:10"",""nykOeWgQcHM:semantic_cosine_wp240_v1:30""]","[15.81548921,12.20198816,10.63571382,10.33781934,10.2001083,10.14186551,9.6248116,9.59708964,9.57511383,9.49582505]","[true,false,false,true,false,false,false,false,false,false]"
mit60001_hybrid_be1b8bf6a64e3b8e,hybrid_rrf_k60_d100_v1,mit60001-q-002,3,0.333333333,4,"[""nykOeWgQcHM:semantic_cosine_wp240_v1:5"",""nykOeWgQcHM:semantic_cosine_wp240_v1:6"",""nykOeWgQcHM:semantic_cosine_wp240_v1:4"",""nykOeWgQcHM:semantic_cosine_wp240_v1:3"",""0jljZRnHwOI:semantic_cosine_wp240_v1:24"",""nykOeWgQcHM:semantic_cosine_wp240_v1:10"",""o9nW0uBqvEo:semantic_cosine_wp240_v1:5"",""nykOeWgQcHM:semantic_cosine_wp240_v1:17"",""0jljZRnHwOI:semantic_cosine_wp240_v1:1"",""nykOeWgQcHM:semantic_cosine_wp240_v1:7""]","[0.03200205,0.03200205,0.03154496,0.03125,0.02666667,0.02612066,0.02580753,0.02413984,0.0241153,0.02358769]","[false,false,true,true,false,false,false,false,false,false]"
mit60001_hybrid_be1b8bf6a64e3b8e,dense_baseline_v1,mit60001-q-003,1,1.0,1,"[""MjbuarJ7SE0:semantic_cosine_wp240_v1:41"",""MjbuarJ7SE0:semantic_cosine_wp240_v1:21"",""MjbuarJ7SE0:semantic_cosine_wp240_v1:42"",""MjbuarJ7SE0:semantic_cosine_wp240_v1:51"",""MjbuarJ7SE0:semantic_cosine_wp240_v1:50"",""MjbuarJ7SE0:semantic_cosine_wp240_v1:25"",""MjbuarJ7SE0:semantic_cosine_wp240_v1:36"",""WPSeyjX1-4s:semantic_cosine_wp240_v1:17"",""FlGjISF3l78:semantic_cosine_wp240_v1:4"",""MjbuarJ7SE0:semantic_cosine_wp240_v1:43""]","[0.74052978,0.62330055,0.62177235,0.60432994,0.59179282,0.59100914,0.5889492,0.58161163,0.57704747,0.57416046]","[true,false,true,false,false,false,false,false,false,false]"
mit60001_hybrid_be1b8bf6a64e3b8e,bm25_v1,mit60001-q-003,1,1.0,1,"[""MjbuarJ7SE0:semantic_cosine_wp240_v1:41"",""MjbuarJ7SE0:semantic_cosine_wp240_v1:42"",""nykOeWgQcHM:semantic_cosine_wp240_v1:50"",""RvRKT-jXvko:semantic_cosine_wp240_v1:43"",""MjbuarJ7SE0:semantic_cosine_wp240_v1:47"",""MjbuarJ7SE0:semantic_cosine_wp240_v1:45"",""nykOeWgQcHM:semantic_cosine_wp240_v1:51"",""RvRKT-jXvko:semantic_cosine_wp240_v1:46"",""FlGjISF3l78:semantic_cosine_wp240_v1:52"",""6LOwPhPDwVc:semantic_cosine_wp240_v1:75""]","[16.78377325,15.67284937,13.28010196,11.83101783,11.12369241,10.66058455,9.76793561,9.45834791,9.28519431,8.67923512]","[true,true,false,false,false,false,false,false,false,false]"
mit60001_hybrid_be1b8bf6a64e3b8e,hybrid_rrf_k60_d100_v1,mit60001-q-003,1,1.0,1,"[""MjbuarJ7SE0:semantic_cosine_wp240_v1:41"",""MjbuarJ7SE0:semantic_cosine_wp240_v1:42"",""MjbuarJ7SE0:semantic_cosine_wp240_v1:45"",""MjbuarJ7SE0:semantic_cosine_wp240_v1:36"",""MjbuarJ7SE0:semantic_cosine_wp240_v1:47"",""MjbuarJ7SE0:semantic_cosine_wp240_v1:51"",""0jljZRnHwOI:semantic_cosine_wp240_v1:4"",""nykOeWgQcHM:semantic_cosine_wp240_v1:50"",""MjbuarJ7SE0:semantic_cosine_wp240_v1:43"",""WPSeyjX1-4s:semantic_cosine_wp240_v1:17""]","[0.03278689,0.03200205,0.0290404,0.02843889,0.0255887,0.02542892,0.02538153,0.02530698,0.02515528,0.02480689]","[true,true,false,false,false,false,false,false,false,false]"
mit60001_hybrid_be1b8bf6a64e3b8e,dense_baseline_v1,mit60001-q-004,17,0.058823529,17,"[""nykOeWgQcHM:semantic_cosine_wp240_v1:53"",""0jljZRnHwOI:semantic_cosine_wp240_v1:31"",""0jljZRnHwOI:semantic_cosine_wp240_v1:32"",""MjbuarJ7SE0:semantic_cosine_wp240_v1:42"",""RvRKT-jXvko:semantic_cosine_wp240_v1:25"",""RvRKT-jXvko:semantic_cosine_wp240_v1:24"",""-DP1i2ZU9gk:semantic_cosine_wp240_v1:35"",""RvRKT-jXvko:semantic_cosine_wp240_v1:8"",""0jljZRnHwOI:semantic_cosine_wp240_v1:37"",""0jljZRnHwOI:semantic_cosine_wp240_v1:3""]","[0.6762619,0.62427723,0.59967524,0.57684958,0.55748808,0.54102939,0.53855306,0.53070062,0.51976907,0.51858079]","[false,false,false,false,false,false,false,false,false,false]"
mit60001_hybrid_be1b8bf6a64e3b8e,bm25_v1,mit60001-q-004,2,0.5,2,"[""0jljZRnHwOI:semantic_cosine_wp240_v1:32"",""0jljZRnHwOI:semantic_cosine_wp240_v1:18"",""o9nW0uBqvEo:semantic_cosine_wp240_v1:60"",""P-0w8xWcnDQ:semantic_cosine_wp240_v1:2"",""nykOeWgQcHM:semantic_cosine_wp240_v1:17"",""nykOeWgQcHM:semantic_cosine_wp240_v1:50"",""FlGjISF3l78:semantic_cosine_wp240_v1:43"",""nykOeWgQcHM:semantic_cosine_wp240_v1:53"",""o9nW0uBqvEo:semantic_cosine_wp240_v1:58"",""FlGjISF3l78:semantic_cosine_wp240_v1:7""]","[13.2596763,12.18347111,9.43349095,9.18310457,9.01884245,8.82777776,8.16072806,7.94735551,7.7737793,7.75057207]","[false,true,false,false,false,false,false,false,false,false]"
mit60001_hybrid_be1b8bf6a64e3b8e,hybrid_rrf_k60_d100_v1,mit60001-q-004,3,0.333333333,3,"[""0jljZRnHwOI:semantic_cosine_wp240_v1:32"",""nykOeWgQcHM:semantic_cosine_wp240_v1:53"",""0jljZRnHwOI:semantic_cosine_wp240_v1:18"",""RvRKT-jXvko:semantic_cosine_wp240_v1:24"",""0jljZRnHwOI:semantic_cosine_wp240_v1:3"",""0jljZRnHwOI:semantic_cosine_wp240_v1:17"",""-DP1i2ZU9gk:semantic_cosine_wp240_v1:43"",""nykOeWgQcHM:semantic_cosine_wp240_v1:50"",""nykOeWgQcHM:semantic_cosine_wp240_v1:9"",""0jljZRnHwOI:semantic_cosine_wp240_v1:6""]","[0.03226646,0.03109932,0.02911605,0.02765152,0.02744361,0.02472527,0.02468764,0.02362609,0.0231289,0.0221342]","[false,false,true,false,false,false,false,false,false,false]"
mit60001_hybrid_be1b8bf6a64e3b8e,dense_baseline_v1,mit60001-q-005,2,0.5,2,"[""WPSeyjX1-4s:semantic_cosine_wp240_v1:33"",""WPSeyjX1-4s:semantic_cosine_wp240_v1:8"",""WPSeyjX1-4s:semantic_cosine_wp240_v1:15"",""WPSeyjX1-4s:semantic_cosine_wp240_v1:41"",""WPSeyjX1-4s:semantic_cosine_wp240_v1:22"",""WPSeyjX1-4s:semantic_cosine_wp240_v1:2"",""6LOwPhPDwVc:semantic_cosine_wp240_v1:77"",""WPSeyjX1-4s:semantic_cosine_wp240_v1:7"",""7lQXYl_L28w:semantic_cosine_wp240_v1:58"",""6LOwPhPDwVc:semantic_cosine_wp240_v1:71""]","[0.60283113,0.59281111,0.57747614,0.53934956,0.50985962,0.50805682,0.48721367,0.48474431,0.47629791,0.46954829]","[false,true,false,false,false,false,false,true,false,false]"
mit60001_hybrid_be1b8bf6a64e3b8e,bm25_v1,mit60001-q-005,38,0.026315789,38,"[""WPSeyjX1-4s:semantic_cosine_wp240_v1:33"",""9H6muyZjms0:semantic_cosine_wp240_v1:10"",""WPSeyjX1-4s:semantic_cosine_wp240_v1:15"",""WPSeyjX1-4s:semantic_cosine_wp240_v1:22"",""WPSeyjX1-4s:semantic_cosine_wp240_v1:41"",""7lQXYl_L28w:semantic_cosine_wp240_v1:25"",""7lQXYl_L28w:semantic_cosine_wp240_v1:63"",""9H6muyZjms0:semantic_cosine_wp240_v1:51"",""RvRKT-jXvko:semantic_cosine_wp240_v1:28"",""WPSeyjX1-4s:semantic_cosine_wp240_v1:16""]","[15.74054331,10.58558436,10.49815461,9.8436621,9.83432524,9.53085711,9.39122508,9.04739403,8.91875763,8.68279836]","[false,false,false,false,false,false,false,false,false,false]"
mit60001_hybrid_be1b8bf6a64e3b8e,hybrid_rrf_k60_d100_v1,mit60001-q-005,9,0.111111111,9,"[""WPSeyjX1-4s:semantic_cosine_wp240_v1:33"",""WPSeyjX1-4s:semantic_cosine_wp240_v1:15"",""WPSeyjX1-4s:semantic_cosine_wp240_v1:22"",""WPSeyjX1-4s:semantic_cosine_wp240_v1:41"",""WPSeyjX1-4s:semantic_cosine_wp240_v1:45"",""SE4P7IVCunE:semantic_cosine_wp240_v1:2"",""7lQXYl_L28w:semantic_cosine_wp240_v1:47"",""7lQXYl_L28w:semantic_cosine_wp240_v1:25"",""WPSeyjX1-4s:semantic_cosine_wp240_v1:7"",""WPSeyjX1-4s:semantic_cosine_wp240_v1:77""]","[0.03278689,0.03174603,0.03100962,0.03100962,0.0279734,0.02503521,0.025,0.02495544,0.02490996,0.02411038]","[false,false,false,false,false,false,false,false,true,false]"
mit60001_hybrid_be1b8bf6a64e3b8e,dense_baseline_v1,mit60001-q-006,1,1.0,1,"[""o9nW0uBqvEo:semantic_cosine_wp240_v1:14"",""o9nW0uBqvEo:semantic_cosine_wp240_v1:13"",""SE4P7IVCunE:semantic_cosine_wp240_v1:28"",""o9nW0uBqvEo:semantic_cosine_wp240_v1:10"",""o9nW0uBqvEo:semantic_cosine_wp240_v1:12"",""7lQXYl_L28w:semantic_cosine_wp240_v1:11"",""o9nW0uBqvEo:semantic_cosine_wp240_v1:19"",""7lQXYl_L28w:semantic_cosine_wp240_v1:81"",""7lQXYl_L28w:semantic_cosine_wp240_v1:37"",""6LOwPhPDwVc:semantic_cosine_wp240_v1:0""]","[0.62421066,0.6010201,0.60051489,0.59497017,0.58645076,0.54432809,0.53716224,0.53459287,0.53203529,0.52620655]","[true,true,false,false,false,false,false,false,false,false]"
mit60001_hybrid_be1b8bf6a64e3b8e,bm25_v1,mit60001-q-006,2,0.5,2,"[""o9nW0uBqvEo:semantic_cosine_wp240_v1:12"",""o9nW0uBqvEo:semantic_cosine_wp240_v1:13"",""o9nW0uBqvEo:semantic_cosine_wp240_v1:10"",""o9nW0uBqvEo:semantic_cosine_wp240_v1:19"",""7lQXYl_L28w:semantic_cosine_wp240_v1:3"",""o9nW0uBqvEo:semantic_cosine_wp240_v1:14"",""7lQXYl_L28w:semantic_cosine_wp240_v1:81"",""FlGjISF3l78:semantic_cosine_wp240_v1:28"",""nykOeWgQcHM:semantic_cosine_wp240_v1:5"",""o9nW0uBqvEo:semantic_cosine_wp240_v1:61""]","[14.14554895,12.32143114,11.97934746,11.49008375,11.35826652,10.76146431,9.42664412,8.93145284,8.44843493,8.34594368]","[false,true,false,false,false,true,false,false,false,false]"
mit60001_hybrid_be1b8bf6a64e3b8e,hybrid_rrf_k60_d100_v1,mit60001-q-006,1,1.0,1,"[""o9nW0uBqvEo:semantic_cosine_wp240_v1:13"",""o9nW0uBqvEo:semantic_cosine_wp240_v1:12"",""o9nW0uBqvEo:semantic_cosine_wp240_v1:14"",""o9nW0uBqvEo:semantic_cosine_wp240_v1:10"",""o9nW0uBqvEo:semantic_cosine_wp240_v1:19"",""7lQXYl_L28w:semantic_cosine_wp240_v1:81"",""7lQXYl_L28w:semantic_cosine_wp240_v1:3"",""6LOwPhPDwVc:semantic_cosine_wp240_v1:0"",""7lQXYl_L28w:semantic_cosine_wp240_v1:1"",""SE4P7IVCunE:semantic_cosine_wp240_v1:28""]","[0.03225806,0.03177806,0.03154496,0.03149802,0.03055037,0.02963126,0.02946912,0.02779923,0.02778314,0.02674258]","[true,false,true,false,false,false,false,false,false,false]"
mit60001_hybrid_be1b8bf6a64e3b8e,dense_baseline_v1,mit60001-q-007,6,0.166666667,6,"[""nykOeWgQcHM:semantic_cosine_wp240_v1:53"",""WPSeyjX1-4s:semantic_cosine_wp240_v1:17"",""nykOeWgQcHM:semantic_cosine_wp240_v1:54"",""2__KumJsGXc:semantic_cosine_wp240_v1:1"",""MjbuarJ7SE0:semantic_cosine_wp240_v1:42"",""nykOeWgQcHM:semantic_cosine_wp240_v1:49"",""RvRKT-jXvko:semantic_cosine_wp240_v1:25"",""MjbuarJ7SE0:semantic_cosine_wp240_v1:41"",""MjbuarJ7SE0:semantic_cosine_wp240_v1:50"",""nykOeWgQcHM:semantic_cosine_wp240_v1:51""]","[0.5289821,0.50988829,0.48390615,0.44785899,0.44680604,0.44353664,0.43961686,0.43480277,0.43388814,0.43332437]","[false,false,false,false,false,true,false,false,false,false]"
mit60001_hybrid_be1b8bf6a64e3b8e,bm25_v1,mit60001-q-007,2,0.5,2,"[""nykOeWgQcHM:semantic_cosine_wp240_v1:53"",""nykOeWgQcHM:semantic_cosine_wp240_v1:49"",""nykOeWgQcHM:semantic_cosine_wp240_v1:50"",""WPSeyjX1-4s:semantic_cosine_wp240_v1:18"",""WPSeyjX1-4s:semantic_cosine_wp240_v1:20"",""9H6muyZjms0:semantic_cosine_wp240_v1:33"",""FlGjISF3l78:semantic_cosine_wp240_v1:14"",""7lQXYl_L28w:semantic_cosine_wp240_v1:4"",""0jljZRnHwOI:semantic_cosine_wp240_v1:36"",""0jljZRnHwOI:semantic_cosine_wp240_v1:25""]","[16.06447819,13.73553097,13.06303754,11.76443055,11.16357156,10.92203168,10.28222853,9.64892165,9.29371294,9.22085324]","[false,true,false,false,false,false,false,false,false,false]"
mit60001_hybrid_be1b8bf6a64e3b8e,hybrid_rrf_k60_d100_v1,mit60001-q-007,2,0.5,2,"[""nykOeWgQcHM:semantic_cosine_wp240_v1:53"",""nykOeWgQcHM:semantic_cosine_wp240_v1:49"",""WPSeyjX1-4s:semantic_cosine_wp240_v1:17"",""nykOeWgQcHM:semantic_cosine_wp240_v1:50"",""WPSeyjX1-4s:semantic_cosine_wp240_v1:18"",""nykOeWgQcHM:semantic_cosine_wp240_v1:55"",""FlGjISF3l78:semantic_cosine_wp240_v1:14"",""0jljZRnHwOI:semantic_cosine_wp240_v1:3"",""2__KumJsGXc:semantic_cosine_wp240_v1:1"",""nykOeWgQcHM:semantic_cosine_wp240_v1:25""]","[0.03278689,0.03128055,0.03021354,0.0297619,0.02767319,0.02580753,0.02523465,0.02500777,0.02471591,0.02409988]","[false,true,false,false,false,false,false,false,false,false]"
mit60001_hybrid_be1b8bf6a64e3b8e,dense_baseline_v1,mit60001-q-008,2,0.5,22,"[""MjbuarJ7SE0:semantic_cosine_wp240_v1:41"",""nykOeWgQcHM:semantic_cosine_wp240_v1:55"",""FlGjISF3l78:semantic_cosine_wp240_v1:57"",""SE4P7IVCunE:semantic_cosine_wp240_v1:16"",""RvRKT-jXvko:semantic_cosine_wp240_v1:49"",""0jljZRnHwOI:semantic_cosine_wp240_v1:4"",""FlGjISF3l78:semantic_cosine_wp240_v1:55"",""FlGjISF3l78:semantic_cosine_wp240_v1:26"",""MjbuarJ7SE0:semantic_cosine_wp240_v1:52"",""MjbuarJ7SE0:semantic_cosine_wp240_v1:53""]","[0.50850785,0.50183249,0.50179362,0.48385242,0.45788276,0.44830441,0.43329811,0.42991012,0.42501003,0.41892242]","[false,true,false,false,false,false,false,false,false,false]"
mit60001_hybrid_be1b8bf6a64e3b8e,bm25_v1,mit60001-q-008,12,0.083333333,197,"[""FlGjISF3l78:semantic_cosine_wp240_v1:40"",""FlGjISF3l78:semantic_cosine_wp240_v1:17"",""FlGjISF3l78:semantic_cosine_wp240_v1:41"",""RvRKT-jXvko:semantic_cosine_wp240_v1:16"",""nykOeWgQcHM:semantic_cosine_wp240_v1:50"",""nykOeWgQcHM:semantic_cosine_wp240_v1:49"",""FlGjISF3l78:semantic_cosine_wp240_v1:36"",""RvRKT-jXvko:semantic_cosine_wp240_v1:25"",""FlGjISF3l78:semantic_cosine_wp240_v1:18"",""0jljZRnHwOI:semantic_cosine_wp240_v1:4""]","[12.91955168,10.85538762,10.48078163,10.34161472,10.20794361,9.00032271,8.99927946,8.99927358,8.94836832,8.71919047]","[false,false,false,false,false,false,false,false,false,false]"
mit60001_hybrid_be1b8bf6a64e3b8e,hybrid_rrf_k60_d100_v1,mit60001-q-008,8,0.125,38,"[""MjbuarJ7SE0:semantic_cosine_wp240_v1:41"",""0jljZRnHwOI:semantic_cosine_wp240_v1:4"",""RvRKT-jXvko:semantic_cosine_wp240_v1:25"",""FlGjISF3l78:semantic_cosine_wp240_v1:36"",""RvRKT-jXvko:semantic_cosine_wp240_v1:49"",""FlGjISF3l78:semantic_cosine_wp240_v1:55"",""FlGjISF3l78:semantic_cosine_wp240_v1:40"",""SE4P7IVCunE:semantic_cosine_wp240_v1:14"",""SE4P7IVCunE:semantic_cosine_wp240_v1:16"",""RvRKT-jXvko:semantic_cosine_wp240_v1:16""]","[0.02990696,0.02943723,0.02879039,0.02791239,0.02788462,0.02655328,0.02639344,0.02608401,0.02593428,0.02497079]","[false,false,false,false,false,false,false,true,false,false]"
mit60001_hybrid_be1b8bf6a64e3b8e,dense_baseline_v1,mit60001-q-009,1,1.0,1,"[""MjbuarJ7SE0:semantic_cosine_wp240_v1:41"",""MjbuarJ7SE0:semantic_cosine_wp240_v1:45"",""MjbuarJ7SE0:semantic_cosine_wp240_v1:22"",""MjbuarJ7SE0:semantic_cosine_wp240_v1:19"",""MjbuarJ7SE0:semantic_cosine_wp240_v1:35"",""MjbuarJ7SE0:semantic_cosine_wp240_v1:49"",""-DP1i2ZU9gk:semantic_cosine_wp240_v1:27"",""-DP1i2ZU9gk:semantic_cosine_wp240_v1:21"",""MjbuarJ7SE0:semantic_cosine_wp240_v1:23"",""MjbuarJ7SE0:semantic_cosine_wp240_v1:24""]","[0.62115586,0.57884818,0.57795382,0.55144298,0.54616266,0.54391038,0.52360511,0.5203445,0.50615644,0.50489253]","[true,false,false,false,false,false,false,false,false,false]"
mit60001_hybrid_be1b8bf6a64e3b8e,bm25_v1,mit60001-q-009,37,0.027027027,37,"[""RvRKT-jXvko:semantic_cosine_wp240_v1:3"",""nykOeWgQcHM:semantic_cosine_wp240_v1:3"",""MjbuarJ7SE0:semantic_cosine_wp240_v1:27"",""WPSeyjX1-4s:semantic_cosine_wp240_v1:22"",""FlGjISF3l78:semantic_cosine_wp240_v1:59"",""MjbuarJ7SE0:semantic_cosine_wp240_v1:45"",""o9nW0uBqvEo:semantic_cosine_wp240_v1:0"",""o9nW0uBqvEo:semantic_cosine_wp240_v1:14"",""QaOHeMnpnmU:semantic_cosine_wp240_v1:1"",""ncpb4wIsQu8:semantic_cosine_wp240_v1:0""]","[12.77698473,11.32056182,11.23022873,10.8438543,10.83110635,10.39431833,10.39293416,10.07980385,9.89376235,9.54551484]","[false,false,false,false,false,false,false,false,false,false]"
mit60001_hybrid_be1b8bf6a64e3b8e,hybrid_rrf_k60_d100_v1,mit60001-q-009,5,0.2,5,"[""MjbuarJ7SE0:semantic_cosine_wp240_v1:45"",""MjbuarJ7SE0:semantic_cosine_wp240_v1:27"",""MjbuarJ7SE0:semantic_cosine_wp240_v1:23"",""MjbuarJ7SE0:semantic_cosine_wp240_v1:22"",""MjbuarJ7SE0:semantic_cosine_wp240_v1:41"",""MjbuarJ7SE0:semantic_cosine_wp240_v1:16"",""MjbuarJ7SE0:semantic_cosine_wp240_v1:14"",""MjbuarJ7SE0:semantic_cosine_wp240_v1:19"",""MjbuarJ7SE0:semantic_cosine_wp240_v1:49"",""MjbuarJ7SE0:semantic_cosine_wp240_v1:35""]","[0.03128055,0.02995752,0.02800627,0.02710897,0.02670272,0.02668564,0.02631579,0.0262633,0.02626263,0.02538462]","[false,false,false,false,true,false,false,false,false,false]"
mit60001_hybrid_be1b8bf6a64e3b8e,dense_baseline_v1,mit60001-q-010,12,0.083333333,12,"[""RvRKT-jXvko:semantic_cosine_wp240_v1:2"",""RvRKT-jXvko:semantic_cosine_wp240_v1:48"",""RvRKT-jXvko:semantic_cosine_wp240_v1:43"",""RvRKT-jXvko:semantic_cosine_wp240_v1:44"",""WPSeyjX1-4s:semantic_cosine_wp240_v1:1"",""RvRKT-jXvko:semantic_cosine_wp240_v1:24"",""-DP1i2ZU9gk:semantic_cosine_wp240_v1:6"",""WPSeyjX1-4s:semantic_cosine_wp240_v1:65"",""-DP1i2ZU9gk:semantic_cosine_wp240_v1:3"",""SE4P7IVCunE:semantic_cosine_wp240_v1:13""]","[0.56604707,0.53874242,0.52488363,0.4447428,0.43061721,0.40145403,0.38420266,0.38302183,0.37517944,0.36922339]","[false,false,false,false,false,false,false,false,false,false]"
mit60001_hybrid_be1b8bf6a64e3b8e,bm25_v1,mit60001-q-010,1,1.0,1,"[""RvRKT-jXvko:semantic_cosine_wp240_v1:21"",""WPSeyjX1-4s:semantic_cosine_wp240_v1:1"",""RvRKT-jXvko:semantic_cosine_wp240_v1:48"",""RvRKT-jXvko:semantic_cosine_wp240_v1:24"",""WPSeyjX1-4s:semantic_cosine_wp240_v1:67"",""-DP1i2ZU9gk:semantic_cosine_wp240_v1:29"",""WPSeyjX1-4s:semantic_cosine_wp240_v1:65"",""o9nW0uBqvEo:semantic_cosine_wp240_v1:1"",""FlGjISF3l78:semantic_cosine_wp240_v1:43"",""RvRKT-jXvko:semantic_cosine_wp240_v1:43""]","[18.64919778,13.4268534,12.76402203,11.94848279,10.90869623,10.34949149,10.08918595,9.25662933,8.16072806,8.08841749]","[true,false,false,false,false,false,false,false,false,false]"
mit60001_hybrid_be1b8bf6a64e3b8e,hybrid_rrf_k60_d100_v1,mit60001-q-010,4,0.25,4,"[""RvRKT-jXvko:semantic_cosine_wp240_v1:48"",""WPSeyjX1-4s:semantic_cosine_wp240_v1:1"",""RvRKT-jXvko:semantic_cosine_wp240_v1:24"",""RvRKT-jXvko:semantic_cosine_wp240_v1:21"",""RvRKT-jXvko:semantic_cosine_wp240_v1:43"",""WPSeyjX1-4s:semantic_cosine_wp240_v1:65"",""o9nW0uBqvEo:semantic_cosine_wp240_v1:1"",""-DP1i2ZU9gk:semantic_cosine_wp240_v1:3"",""RvRKT-jXvko:semantic_cosine_wp240_v1:2"",""FlGjISF3l78:semantic_cosine_wp240_v1:7""]","[0.03200205,0.03151365,0.03077652,0.03028233,0.03015873,0.02963126,0.02675408,0.02625746,0.0258274,0.02579365]","[false,false,false,true,false,false,false,false,false,false]"
mit60001_hybrid_be1b8bf6a64e3b8e,dense_baseline_v1,mit60001-q-014,30,0.033333333,30,"[""-DP1i2ZU9gk:semantic_cosine_wp240_v1:7"",""WPSeyjX1-4s:semantic_cosine_wp240_v1:70"",""RvRKT-jXvko:semantic_cosine_wp240_v1:24"",""WPSeyjX1-4s:semantic_cosine_wp240_v1:59"",""-DP1i2ZU9gk:semantic_cosine_wp240_v1:2"",""-DP1i2ZU9gk:semantic_cosine_wp240_v1:35"",""WPSeyjX1-4s:semantic_cosine_wp240_v1:64"",""-DP1i2ZU9gk:semantic_cosine_wp240_v1:8"",""RvRKT-jXvko:semantic_cosine_wp240_v1:43"",""7lQXYl_L28w:semantic_cosine_wp240_v1:84""]","[0.6275661,0.62366724,0.58087552,0.57847297,0.5774489,0.57150763,0.56315696,0.53834504,0.53326559,0.52786136]","[false,false,false,false,false,false,false,false,false,false]"
mit60001_hybrid_be1b8bf6a64e3b8e,bm25_v1,mit60001-q-014,27,0.037037037,27,"[""o9nW0uBqvEo:semantic_cosine_wp240_v1:60"",""WPSeyjX1-4s:semantic_cosine_wp240_v1:70"",""RvRKT-jXvko:semantic_cosine_wp240_v1:52"",""WPSeyjX1-4s:semantic_cosine_wp240_v1:61"",""RvRKT-jXvko:semantic_cosine_wp240_v1:24"",""nykOeWgQcHM:semantic_cosine_wp240_v1:17"",""FlGjISF3l78:semantic_cosine_wp240_v1:43"",""WPSeyjX1-4s:semantic_cosine_wp240_v1:55"",""FlGjISF3l78:semantic_cosine_wp240_v1:7"",""7lQXYl_L28w:semantic_cosine_wp240_v1:84""]","[10.7664263,10.37100718,9.31931457,9.26608396,9.06277428,8.97818169,8.3529192,8.07980247,8.07305082,8.03862354]","[false,false,false,false,false,false,false,false,false,false]"
mit60001_hybrid_be1b8bf6a64e3b8e,hybrid_rrf_k60_d100_v1,mit60001-q-014,27,0.037037037,27,"[""WPSeyjX1-4s:semantic_cosine_wp240_v1:70"",""RvRKT-jXvko:semantic_cosine_wp240_v1:24"",""WPSeyjX1-4s:semantic_cosine_wp240_v1:61"",""7lQXYl_L28w:semantic_cosine_wp240_v1:84"",""-DP1i2ZU9gk:semantic_cosine_wp240_v1:7"",""WPSeyjX1-4s:semantic_cosine_wp240_v1:59"",""WPSeyjX1-4s:semantic_cosine_wp240_v1:55"",""WPSeyjX1-4s:semantic_cosine_wp240_v1:64"",""WPSeyjX1-4s:semantic_cosine_wp240_v1:58"",""RvRKT-jXvko:semantic_cosine_wp240_v1:43""]","[0.03225806,0.03125763,0.02895833,0.02857143,0.02815815,0.02797068,0.02720588,0.02567806,0.02402746,0.02401656]","[false,false,false,false,false,false,false,false,false,false]"
mit60001_hybrid_be1b8bf6a64e3b8e,dense_baseline_v1,mit60001-q-015,1,1.0,1,"[""nykOeWgQcHM:semantic_cosine_wp240_v1:39"",""nykOeWgQcHM:semantic_cosine_wp240_v1:46"",""nykOeWgQcHM:semantic_cosine_wp240_v1:44"",""nykOeWgQcHM:semantic_cosine_wp240_v1:7"",""WPSeyjX1-4s:semantic_cosine_wp240_v1:25"",""9H6muyZjms0:semantic_cosine_wp240_v1:30"",""o9nW0uBqvEo:semantic_cosine_wp240_v1:5"",""nykOeWgQcHM:semantic_cosine_wp240_v1:6"",""Y6J8I056Ffw:semantic_cosine_wp240_v1:0"",""-DP1i2ZU9gk:semantic_cosine_wp240_v1:13""]","[0.47426686,0.41030094,0.34014827,0.33436307,0.32796788,0.31255776,0.31245953,0.30965593,0.30283046,0.30116498]","[true,false,false,false,false,false,false,false,false,false]"
mit60001_hybrid_be1b8bf6a64e3b8e,bm25_v1,mit60001-q-015,25,0.04,25,"[""nykOeWgQcHM:semantic_cosine_wp240_v1:44"",""Y6J8I056Ffw:semantic_cosine_wp240_v1:0"",""FlGjISF3l78:semantic_cosine_wp240_v1:28"",""WPSeyjX1-4s:semantic_cosine_wp240_v1:2"",""nykOeWgQcHM:semantic_cosine_wp240_v1:43"",""nykOeWgQcHM:semantic_cosine_wp240_v1:6"",""o9nW0uBqvEo:semantic_cosine_wp240_v1:13"",""9H6muyZjms0:semantic_cosine_wp240_v1:10"",""SE4P7IVCunE:semantic_cosine_wp240_v1:27"",""nykOeWgQcHM:semantic_cosine_wp240_v1:5""]","[11.57697143,11.16182875,9.03341257,8.61529757,8.26111558,8.17573263,7.99611877,7.77524861,7.25262732,7.07071414]","[false,false,false,false,false,false,false,false,false,false]"
mit60001_hybrid_be1b8bf6a64e3b8e,hybrid_rrf_k60_d100_v1,mit60001-q-015,4,0.25,4,"[""nykOeWgQcHM:semantic_cosine_wp240_v1:44"",""Y6J8I056Ffw:semantic_cosine_wp240_v1:0"",""nykOeWgQcHM:semantic_cosine_wp240_v1:6"",""nykOeWgQcHM:semantic_cosine_wp240_v1:39"",""MjbuarJ7SE0:semantic_cosine_wp240_v1:14"",""nykOeWgQcHM:semantic_cosine_wp240_v1:46"",""0jljZRnHwOI:semantic_cosine_wp240_v1:1"",""nykOeWgQcHM:semantic_cosine_wp240_v1:3"",""nykOeWgQcHM:semantic_cosine_wp240_v1:7"",""nykOeWgQcHM:semantic_cosine_wp240_v1:38""]","[0.03226646,0.03062179,0.0298574,0.02714613,0.02617174,0.02603002,0.02583333,0.02538153,0.02514881,0.02475172]","[false,false,false,true,false,false,false,false,false,true]"
mit60001_hybrid_be1b8bf6a64e3b8e,dense_baseline_v1,mit60001-q-016,1,1.0,3,"[""9H6muyZjms0:semantic_cosine_wp240_v1:51"",""9H6muyZjms0:semantic_cosine_wp240_v1:49"",""9H6muyZjms0:semantic_cosine_wp240_v1:52"",""9H6muyZjms0:semantic_cosine_wp240_v1:50"",""nykOeWgQcHM:semantic_cosine_wp240_v1:25"",""0jljZRnHwOI:semantic_cosine_wp240_v1:29"",""WPSeyjX1-4s:semantic_cosine_wp240_v1:17"",""9H6muyZjms0:semantic_cosine_wp240_v1:31"",""0jljZRnHwOI:semantic_cosine_wp240_v1:25"",""4WtaFLayz_w:semantic_cosine_wp240_v1:6""]","[0.69846094,0.6309005,0.56945908,0.54555351,0.51883769,0.49496073,0.46321169,0.46150422,0.45665535,0.45483625]","[true,true,true,true,false,false,false,false,false,false]"
mit60001_hybrid_be1b8bf6a64e3b8e,bm25_v1,mit60001-q-016,1,1.0,545,"[""9H6muyZjms0:semantic_cosine_wp240_v1:50"",""9H6muyZjms0:semantic_cosine_wp240_v1:31"",""nykOeWgQcHM:semantic_cosine_wp240_v1:3"",""nykOeWgQcHM:semantic_cosine_wp240_v1:35"",""9H6muyZjms0:semantic_cosine_wp240_v1:40"",""nykOeWgQcHM:semantic_cosine_wp240_v1:10"",""9H6muyZjms0:semantic_cosine_wp240_v1:51"",""nykOeWgQcHM:semantic_cosine_wp240_v1:6"",""9H6muyZjms0:semantic_cosine_wp240_v1:7"",""SE4P7IVCunE:semantic_cosine_wp240_v1:25""]","[13.50922129,10.51173477,9.80449297,9.78403946,9.49737131,9.28070381,8.45203793,8.34940838,8.31714865,7.91703817]","[true,false,false,false,false,false,true,false,false,false]"
mit60001_hybrid_be1b8bf6a64e3b8e,hybrid_rrf_k60_d100_v1,mit60001-q-016,1,1.0,34,"[""9H6muyZjms0:semantic_cosine_wp240_v1:50"",""9H6muyZjms0:semantic_cosine_wp240_v1:51"",""9H6muyZjms0:semantic_cosine_wp240_v1:31"",""0jljZRnHwOI:semantic_cosine_wp240_v1:29"",""nykOeWgQcHM:semantic_cosine_wp240_v1:3"",""0jljZRnHwOI:semantic_cosine_wp240_v1:25"",""nykOeWgQcHM:semantic_cosine_wp240_v1:25"",""nykOeWgQcHM:semantic_cosine_wp240_v1:35"",""MjbuarJ7SE0:semantic_cosine_wp240_v1:20"",""9H6muyZjms0:semantic_cosine_wp240_v1:7""]","[0.03201844,0.03131882,0.03083491,0.02813853,0.02750092,0.02683843,0.02674825,0.02661401,0.02532046,0.02459376]","[true,true,false,false,false,false,false,false,false,false]"
mit60001_hybrid_be1b8bf6a64e3b8e,dense_baseline_v1,mit60001-q-017,3,0.333333333,5,"[""9H6muyZjms0:semantic_cosine_wp240_v1:31"",""9H6muyZjms0:semantic_cosine_wp240_v1:37"",""9H6muyZjms0:semantic_cosine_wp240_v1:41"",""9H6muyZjms0:semantic_cosine_wp240_v1:32"",""9H6muyZjms0:semantic_cosine_wp240_v1:35"",""9H6muyZjms0:semantic_cosine_wp240_v1:38"",""9H6muyZjms0:semantic_cosine_wp240_v1:33"",""nykOeWgQcHM:semantic_cosine_wp240_v1:8"",""9H6muyZjms0:semantic_cosine_wp240_v1:49"",""9H6muyZjms0:semantic_cosine_wp240_v1:50""]","[0.64614534,0.49541238,0.46571487,0.4619723,0.46154773,0.43301329,0.38316101,0.3749021,0.37460703,0.37389523]","[false,false,true,false,true,false,false,false,false,false]"
mit60001_hybrid_be1b8bf6a64e3b8e,bm25_v1,mit60001-q-017,2,0.5,4,"[""9H6muyZjms0:semantic_cosine_wp240_v1:31"",""9H6muyZjms0:semantic_cosine_wp240_v1:41"",""nykOeWgQcHM:semantic_cosine_wp240_v1:10"",""9H6muyZjms0:semantic_cosine_wp240_v1:35"",""MjbuarJ7SE0:semantic_cosine_wp240_v1:45"",""nykOeWgQcHM:semantic_cosine_wp240_v1:3"",""9H6muyZjms0:semantic_cosine_wp240_v1:37"",""9H6muyZjms0:semantic_cosine_wp240_v1:32"",""SE4P7IVCunE:semantic_cosine_wp240_v1:27"",""7lQXYl_L28w:semantic_cosine_wp240_v1:9""]","[13.29779566,9.69329898,8.98798071,8.02487787,7.21663588,7.06919682,6.84907444,6.77921983,6.63378029,6.63343004]","[false,true,false,true,false,false,false,false,false,false]"
mit60001_hybrid_be1b8bf6a64e3b8e,hybrid_rrf_k60_d100_v1,mit60001-q-017,2,0.5,4,"[""9H6muyZjms0:semantic_cosine_wp240_v1:31"",""9H6muyZjms0:semantic_cosine_wp240_v1:41"",""9H6muyZjms0:semantic_cosine_wp240_v1:37"",""9H6muyZjms0:semantic_cosine_wp240_v1:35"",""9H6muyZjms0:semantic_cosine_wp240_v1:32"",""nykOeWgQcHM:semantic_cosine_wp240_v1:3"",""nykOeWgQcHM:semantic_cosine_wp240_v1:8"",""nykOeWgQcHM:semantic_cosine_wp240_v1:35"",""o9nW0uBqvEo:semantic_cosine_wp240_v1:0"",""9H6muyZjms0:semantic_cosine_wp240_v1:33""]","[0.03278689,0.03200205,0.03105441,0.03100962,0.03033088,0.02813853,0.02705156,0.02583333,0.02509804,0.02385394]","[false,true,false,true,false,false,false,false,false,false]"
mit60001_hybrid_be1b8bf6a64e3b8e,dense_baseline_v1,mit60001-q-018,2,0.5,2,"[""9H6muyZjms0:semantic_cosine_wp240_v1:15"",""9H6muyZjms0:semantic_cosine_wp240_v1:13"",""9H6muyZjms0:semantic_cosine_wp240_v1:14"",""nykOeWgQcHM:semantic_cosine_wp240_v1:25"",""9H6muyZjms0:semantic_cosine_wp240_v1:9"",""9H6muyZjms0:semantic_cosine_wp240_v1:0"",""9H6muyZjms0:semantic_cosine_wp240_v1:49"",""nykOeWgQcHM:semantic_cosine_wp240_v1:5"",""9H6muyZjms0:semantic_cosine_wp240_v1:11"",""9H6muyZjms0:semantic_cosine_wp240_v1:17""]","[0.57653445,0.51639974,0.44266474,0.37776184,0.37523043,0.37416595,0.34689003,0.34272298,0.34247154,0.33572695]","[false,true,false,false,false,false,false,false,false,false]"
mit60001_hybrid_be1b8bf6a64e3b8e,bm25_v1,mit60001-q-018,1,1.0,1,"[""9H6muyZjms0:semantic_cosine_wp240_v1:13"",""9H6muyZjms0:semantic_cosine_wp240_v1:15"",""MjbuarJ7SE0:semantic_cosine_wp240_v1:8"",""9H6muyZjms0:semantic_cosine_wp240_v1:14"",""9H6muyZjms0:semantic_cosine_wp240_v1:10"",""9H6muyZjms0:semantic_cosine_wp240_v1:11"",""9H6muyZjms0:semantic_cosine_wp240_v1:16"",""9H6muyZjms0:semantic_cosine_wp240_v1:7"",""9H6muyZjms0:semantic_cosine_wp240_v1:31"",""FlGjISF3l78:semantic_cosine_wp240_v1:57""]","[23.69040724,16.21930772,13.32909023,13.17833184,12.06061682,9.82048105,9.24096483,9.13438227,8.89846857,8.64636095]","[true,false,false,false,false,false,false,false,false,false]"
mit60001_hybrid_be1b8bf6a64e3b8e,hybrid_rrf_k60_d100_v1,mit60001-q-018,1,1.0,1,"[""9H6muyZjms0:semantic_cosine_wp240_v1:13"",""9H6muyZjms0:semantic_cosine_wp240_v1:15"",""9H6muyZjms0:semantic_cosine_wp240_v1:14"",""9H6muyZjms0:semantic_cosine_wp240_v1:11"",""9H6muyZjms0:semantic_cosine_wp240_v1:10"",""9H6muyZjms0:semantic_cosine_wp240_v1:9"",""9H6muyZjms0:semantic_cosine_wp240_v1:17"",""9H6muyZjms0:semantic_cosine_wp240_v1:7"",""MjbuarJ7SE0:semantic_cosine_wp240_v1:8"",""9H6muyZjms0:semantic_cosine_wp240_v1:16""]","[0.03252247,0.03252247,0.03149802,0.02964427,0.02854251,0.02854251,0.0281746,0.02803922,0.02792121,0.02774589]","[true,false,false,false,false,false,false,false,false,false]"
mit60001_hybrid_be1b8bf6a64e3b8e,dense_baseline_v1,mit60001-q-019,1,1.0,1,"[""6LOwPhPDwVc:semantic_cosine_wp240_v1:2"",""SE4P7IVCunE:semantic_cosine_wp240_v1:53"",""7lQXYl_L28w:semantic_cosine_wp240_v1:13"",""SE4P7IVCunE:semantic_cosine_wp240_v1:52"",""SE4P7IVCunE:semantic_cosine_wp240_v1:29"",""SE4P7IVCunE:semantic_cosine_wp240_v1:47"",""6LOwPhPDwVc:semantic_cosine_wp240_v1:3"",""6LOwPhPDwVc:semantic_cosine_wp240_v1:4"",""6LOwPhPDwVc:semantic_cosine_wp240_v1:8"",""SE4P7IVCunE:semantic_cosine_wp240_v1:54""]","[0.71012068,0.70699447,0.67726964,0.59924686,0.53084648,0.47611514,0.45891234,0.43748939,0.43558595,0.42731762]","[true,false,false,false,false,false,false,false,false,false]"
mit60001_hybrid_be1b8bf6a64e3b8e,bm25_v1,mit60001-q-019,7,0.142857143,7,"[""SE4P7IVCunE:semantic_cosine_wp240_v1:52"",""o9nW0uBqvEo:semantic_cosine_wp240_v1:61"",""6LOwPhPDwVc:semantic_cosine_wp240_v1:14"",""7lQXYl_L28w:semantic_cosine_wp240_v1:13"",""SE4P7IVCunE:semantic_cosine_wp240_v1:53"",""6LOwPhPDwVc:semantic_cosine_wp240_v1:4"",""6LOwPhPDwVc:semantic_cosine_wp240_v1:2"",""6LOwPhPDwVc:semantic_cosine_wp240_v1:15"",""SE4P7IVCunE:semantic_cosine_wp240_v1:29"",""6LOwPhPDwVc:semantic_cosine_wp240_v1:8""]","[13.33900531,12.03620794,11.58077278,10.89048767,10.58826468,9.111724,9.08408305,8.83828782,8.50806654,8.29901212]","[false,false,false,false,false,false,true,false,false,false]"
mit60001_hybrid_be1b8bf6a64e3b8e,hybrid_rrf_k60_d100_v1,mit60001-q-019,4,0.25,4,"[""SE4P7IVCunE:semantic_cosine_wp240_v1:52"",""SE4P7IVCunE:semantic_cosine_wp240_v1:53"",""7lQXYl_L28w:semantic_cosine_wp240_v1:13"",""6LOwPhPDwVc:semantic_cosine_wp240_v1:2"",""SE4P7IVCunE:semantic_cosine_wp240_v1:29"",""6LOwPhPDwVc:semantic_cosine_wp240_v1:4"",""SE4P7IVCunE:semantic_cosine_wp240_v1:47"",""6LOwPhPDwVc:semantic_cosine_wp240_v1:8"",""6LOwPhPDwVc:semantic_cosine_wp240_v1:14"",""7lQXYl_L28w:semantic_cosine_wp240_v1:22""]","[0.03201844,0.03151365,0.03149802,0.03131882,0.02987737,0.0298574,0.02923602,0.02877847,0.02869353,0.0279734]","[false,false,false,true,false,false,false,false,false,false]"
mit60001_hybrid_be1b8bf6a64e3b8e,dense_baseline_v1,mit60001-q-020,1,1.0,3,"[""SE4P7IVCunE:semantic_cosine_wp240_v1:4"",""SE4P7IVCunE:semantic_cosine_wp240_v1:12"",""SE4P7IVCunE:semantic_cosine_wp240_v1:9"",""SE4P7IVCunE:semantic_cosine_wp240_v1:3"",""SE4P7IVCunE:semantic_cosine_wp240_v1:10"",""SE4P7IVCunE:semantic_cosine_wp240_v1:5"",""SE4P7IVCunE:semantic_cosine_wp240_v1:6"",""SE4P7IVCunE:semantic_cosine_wp240_v1:20"",""RvRKT-jXvko:semantic_cosine_wp240_v1:4"",""MjbuarJ7SE0:semantic_cosine_wp240_v1:1""]","[0.60923719,0.56077111,0.55726361,0.52981186,0.5234772,0.49816164,0.47897005,0.47883791,0.46703857,0.46416399]","[true,false,true,true,true,false,false,false,false,false]"
mit60001_hybrid_be1b8bf6a64e3b8e,bm25_v1,mit60001-q-020,1,1.0,2,"[""SE4P7IVCunE:semantic_cosine_wp240_v1:3"",""SE4P7IVCunE:semantic_cosine_wp240_v1:9"",""RvRKT-jXvko:semantic_cosine_wp240_v1:13"",""SE4P7IVCunE:semantic_cosine_wp240_v1:5"",""SE4P7IVCunE:semantic_cosine_wp240_v1:10"",""SE4P7IVCunE:semantic_cosine_wp240_v1:4"",""MjbuarJ7SE0:semantic_cosine_wp240_v1:1"",""SE4P7IVCunE:semantic_cosine_wp240_v1:2"",""WPSeyjX1-4s:semantic_cosine_wp240_v1:52"",""nykOeWgQcHM:semantic_cosine_wp240_v1:20""]","[14.6093764,14.24954649,13.80125939,12.9755566,12.7610028,12.66913617,11.10988266,11.09082177,10.22638045,10.19747691]","[true,true,false,false,true,true,false,true,false,false]"
mit60001_hybrid_be1b8bf6a64e3b8e,hybrid_rrf_k60_d100_v1,mit60001-q-020,1,1.0,2,"[""SE4P7IVCunE:semantic_cosine_wp240_v1:3"",""SE4P7IVCunE:semantic_cosine_wp240_v1:9"",""SE4P7IVCunE:semantic_cosine_wp240_v1:4"",""SE4P7IVCunE:semantic_cosine_wp240_v1:5"",""SE4P7IVCunE:semantic_cosine_wp240_v1:10"",""MjbuarJ7SE0:semantic_cosine_wp240_v1:1"",""SE4P7IVCunE:semantic_cosine_wp240_v1:6"",""RvRKT-jXvko:semantic_cosine_wp240_v1:23"",""SE4P7IVCunE:semantic_cosine_wp240_v1:2"",""ncpb4wIsQu8:semantic_cosine_wp240_v1:2""]","[0.03201844,0.03200205,0.03154496,0.03077652,0.03076923,0.02921109,0.02825871,0.02759802,0.026901,0.02635686]","[true,true,true,false,true,false,false,false,true,false]"
mit60001_hybrid_be1b8bf6a64e3b8e,dense_baseline_v1,mit60001-q-021,1,1.0,1,"[""0jljZRnHwOI:semantic_cosine_wp240_v1:20"",""FlGjISF3l78:semantic_cosine_wp240_v1:64"",""SE4P7IVCunE:semantic_cosine_wp240_v1:28"",""9H6muyZjms0:semantic_cosine_wp240_v1:16"",""0jljZRnHwOI:semantic_cosine_wp240_v1:32"",""9H6muyZjms0:semantic_cosine_wp240_v1:18"",""9H6muyZjms0:semantic_cosine_wp240_v1:17"",""0jljZRnHwOI:semantic_cosine_wp240_v1:31"",""SE4P7IVCunE:semantic_cosine_wp240_v1:1"",""0jljZRnHwOI:semantic_cosine_wp240_v1:29""]","[0.59559476,0.47188708,0.4315446,0.42258,0.41678733,0.41439536,0.40203536,0.40056562,0.39569074,0.38659418]","[true,false,false,false,false,false,false,false,false,false]"
mit60001_hybrid_be1b8bf6a64e3b8e,bm25_v1,mit60001-q-021,2,0.5,2,"[""0jljZRnHwOI:semantic_cosine_wp240_v1:16"",""0jljZRnHwOI:semantic_cosine_wp240_v1:20"",""0jljZRnHwOI:semantic_cosine_wp240_v1:18"",""RvRKT-jXvko:semantic_cosine_wp240_v1:13"",""nykOeWgQcHM:semantic_cosine_wp240_v1:10"",""6LOwPhPDwVc:semantic_cosine_wp240_v1:60"",""o9nW0uBqvEo:semantic_cosine_wp240_v1:18"",""SE4P7IVCunE:semantic_cosine_wp240_v1:1"",""nykOeWgQcHM:semantic_cosine_wp240_v1:5"",""SE4P7IVCunE:semantic_cosine_wp240_v1:27""]","[10.82621142,10.34265157,10.04390807,9.56043143,8.4158025,8.3545511,7.32928788,7.32032141,7.298044,7.17538639]","[false,true,false,false,false,false,false,false,false,false]"
mit60001_hybrid_be1b8bf6a64e3b8e,hybrid_rrf_k60_d100_v1,mit60001-q-021,1,1.0,1,"[""0jljZRnHwOI:semantic_cosine_wp240_v1:20"",""SE4P7IVCunE:semantic_cosine_wp240_v1:1"",""0jljZRnHwOI:semantic_cosine_wp240_v1:16"",""SE4P7IVCunE:semantic_cosine_wp240_v1:28"",""FlGjISF3l78:semantic_cosine_wp240_v1:64"",""0jljZRnHwOI:semantic_cosine_wp240_v1:19"",""0jljZRnHwOI:semantic_cosine_wp240_v1:18"",""0jljZRnHwOI:semantic_cosine_wp240_v1:32"",""6LOwPhPDwVc:semantic_cosine_wp240_v1:55"",""MjbuarJ7SE0:semantic_cosine_wp240_v1:32""]","[0.03252247,0.02919864,0.02889344,0.02806814,0.02724014,0.02685652,0.02674258,0.02528561,0.02360832,0.02298851]","[true,false,false,false,false,false,false,false,false,false]"
mit60001_hybrid_be1b8bf6a64e3b8e,dense_baseline_v1,mit60001-q-022,3,0.333333333,9,"[""WPSeyjX1-4s:semantic_cosine_wp240_v1:64"",""WPSeyjX1-4s:semantic_cosine_wp240_v1:59"",""7lQXYl_L28w:semantic_cosine_wp240_v1:84"",""WPSeyjX1-4s:semantic_cosine_wp240_v1:65"",""WPSeyjX1-4s:semantic_cosine_wp240_v1:61"",""WPSeyjX1-4s:semantic_cosine_wp240_v1:70"",""7lQXYl_L28w:semantic_cosine_wp240_v1:85"",""WPSeyjX1-4s:semantic_cosine_wp240_v1:79"",""WPSeyjX1-4s:semantic_cosine_wp240_v1:67"",""WPSeyjX1-4s:semantic_cosine_wp240_v1:66""]","[0.64763308,0.63486886,0.63342452,0.63240063,0.6302951,0.59118927,0.57030153,0.51166457,0.50749975,0.487391]","[false,false,true,false,false,false,true,false,true,true]"
mit60001_hybrid_be1b8bf6a64e3b8e,bm25_v1,mit60001-q-022,2,0.5,31,"[""WPSeyjX1-4s:semantic_cosine_wp240_v1:61"",""7lQXYl_L28w:semantic_cosine_wp240_v1:84"",""WPSeyjX1-4s:semantic_cosine_wp240_v1:65"",""WPSeyjX1-4s:semantic_cosine_wp240_v1:60"",""WPSeyjX1-4s:semantic_cosine_wp240_v1:62"",""WPSeyjX1-4s:semantic_cosine_wp240_v1:59"",""WPSeyjX1-4s:semantic_cosine_wp240_v1:64"",""WPSeyjX1-4s:semantic_cosine_wp240_v1:70"",""RvRKT-jXvko:semantic_cosine_wp240_v1:44"",""RvRKT-jXvko:semantic_cosine_wp240_v1:43""]","[16.68647412,15.08520897,13.92928551,12.88360083,12.883091,12.83208159,12.48465551,11.66192122,10.13517368,9.13352276]","[false,true,false,false,false,false,false,false,false,false]"
mit60001_hybrid_be1b8bf6a64e3b8e,hybrid_rrf_k60_d100_v1,mit60001-q-022,1,1.0,14,"[""7lQXYl_L28w:semantic_cosine_wp240_v1:84"",""WPSeyjX1-4s:semantic_cosine_wp240_v1:61"",""WPSeyjX1-4s:semantic_cosine_wp240_v1:65"",""WPSeyjX1-4s:semantic_cosine_wp240_v1:64"",""WPSeyjX1-4s:semantic_cosine_wp240_v1:59"",""WPSeyjX1-4s:semantic_cosine_wp240_v1:70"",""WPSeyjX1-4s:semantic_cosine_wp240_v1:62"",""WPSeyjX1-4s:semantic_cosine_wp240_v1:58"",""WPSeyjX1-4s:semantic_cosine_wp240_v1:55"",""7lQXYl_L28w:semantic_cosine_wp240_v1:85""]","[0.03200205,0.03177806,0.03149802,0.03131882,0.03128055,0.0298574,0.02804284,0.0279734,0.02778314,0.02683014]","[true,false,false,false,false,false,false,false,false,true]"
mit60001_hybrid_be1b8bf6a64e3b8e,dense_baseline_v1,mit60001-q-023,6,0.166666667,12,"[""RvRKT-jXvko:semantic_cosine_wp240_v1:0"",""MjbuarJ7SE0:semantic_cosine_wp240_v1:54"",""MjbuarJ7SE0:semantic_cosine_wp240_v1:6"",""nykOeWgQcHM:semantic_cosine_wp240_v1:7"",""-DP1i2ZU9gk:semantic_cosine_wp240_v1:11"",""MjbuarJ7SE0:semantic_cosine_wp240_v1:12"",""MjbuarJ7SE0:semantic_cosine_wp240_v1:13"",""nykOeWgQcHM:semantic_cosine_wp240_v1:6"",""-DP1i2ZU9gk:semantic_cosine_wp240_v1:13"",""MjbuarJ7SE0:semantic_cosine_wp240_v1:14""]","[0.58925653,0.57602572,0.5745492,0.56020552,0.53336871,0.53330469,0.53314877,0.52540088,0.52024442,0.51520902]","[false,false,false,false,false,true,false,false,false,false]"
mit60001_hybrid_be1b8bf6a64e3b8e,bm25_v1,mit60001-q-023,2,0.5,66,"[""9H6muyZjms0:semantic_cosine_wp240_v1:31"",""MjbuarJ7SE0:semantic_cosine_wp240_v1:12"",""MjbuarJ7SE0:semantic_cosine_wp240_v1:6"",""MjbuarJ7SE0:semantic_cosine_wp240_v1:9"",""-DP1i2ZU9gk:semantic_cosine_wp240_v1:11"",""9H6muyZjms0:semantic_cosine_wp240_v1:52"",""MjbuarJ7SE0:semantic_cosine_wp240_v1:14"",""9H6muyZjms0:semantic_cosine_wp240_v1:51"",""-DP1i2ZU9gk:semantic_cosine_wp240_v1:3"",""MjbuarJ7SE0:semantic_cosine_wp240_v1:54""]","[15.23751165,14.55477749,13.63889719,13.09276672,12.00486054,11.58523176,11.42339501,11.08373389,11.06505901,11.01796568]","[false,true,false,false,false,false,false,false,false,false]"
mit60001_hybrid_be1b8bf6a64e3b8e,hybrid_rrf_k60_d100_v1,mit60001-q-023,2,0.5,18,"[""MjbuarJ7SE0:semantic_cosine_wp240_v1:6"",""MjbuarJ7SE0:semantic_cosine_wp240_v1:12"",""-DP1i2ZU9gk:semantic_cosine_wp240_v1:11"",""MjbuarJ7SE0:semantic_cosine_wp240_v1:54"",""9H6muyZjms0:semantic_cosine_wp240_v1:31"",""MjbuarJ7SE0:semantic_cosine_wp240_v1:14"",""nykOeWgQcHM:semantic_cosine_wp240_v1:6"",""RvRKT-jXvko:semantic_cosine_wp240_v1:0"",""MjbuarJ7SE0:semantic_cosine_wp240_v1:13"",""9H6muyZjms0:semantic_cosine_wp240_v1:6""]","[0.03174603,0.03128055,0.03076923,0.03041475,0.02921396,0.02921109,0.0282194,0.02815815,0.02808327,0.02704678]","[false,true,false,false,false,false,false,false,false,false]"
mit60001_hybrid_be1b8bf6a64e3b8e,dense_baseline_v1,mit60001-q-025,2,0.5,2,"[""FlGjISF3l78:semantic_cosine_wp240_v1:1"",""FlGjISF3l78:semantic_cosine_wp240_v1:32"",""FlGjISF3l78:semantic_cosine_wp240_v1:7"",""8s0d87sjy1A:semantic_cosine_wp240_v1:1"",""FlGjISF3l78:semantic_cosine_wp240_v1:38"",""-DP1i2ZU9gk:semantic_cosine_wp240_v1:0"",""FlGjISF3l78:semantic_cosine_wp240_v1:34"",""FlGjISF3l78:semantic_cosine_wp240_v1:31"",""-DP1i2ZU9gk:semantic_cosine_wp240_v1:16"",""-DP1i2ZU9gk:semantic_cosine_wp240_v1:13""]","[0.66098142,0.55627233,0.54861915,0.53997886,0.53362584,0.52785635,0.51774311,0.51185197,0.51025605,0.50881219]","[false,true,false,false,false,false,false,true,false,false]"
mit60001_hybrid_be1b8bf6a64e3b8e,bm25_v1,mit60001-q-025,427,0.00234192,427,"[""FlGjISF3l78:semantic_cosine_wp240_v1:1"",""FlGjISF3l78:semantic_cosine_wp240_v1:8"",""-DP1i2ZU9gk:semantic_cosine_wp240_v1:10"",""MjbuarJ7SE0:semantic_cosine_wp240_v1:12"",""FlGjISF3l78:semantic_cosine_wp240_v1:66"",""FlGjISF3l78:semantic_cosine_wp240_v1:0"",""FlGjISF3l78:semantic_cosine_wp240_v1:28"",""FlGjISF3l78:semantic_cosine_wp240_v1:19"",""-DP1i2ZU9gk:semantic_cosine_wp240_v1:2"",""FlGjISF3l78:semantic_cosine_wp240_v1:9""]","[23.91604899,16.81064427,14.66591669,14.18635414,13.87615804,13.41353661,12.93136846,12.89923127,12.24188198,11.93312186]","[false,false,false,false,false,false,false,false,false,false]"
mit60001_hybrid_be1b8bf6a64e3b8e,hybrid_rrf_k60_d100_v1,mit60001-q-025,37,0.027027027,37,"[""FlGjISF3l78:semantic_cosine_wp240_v1:1"",""FlGjISF3l78:semantic_cosine_wp240_v1:8"",""FlGjISF3l78:semantic_cosine_wp240_v1:7"",""FlGjISF3l78:semantic_cosine_wp240_v1:38"",""FlGjISF3l78:semantic_cosine_wp240_v1:66"",""FlGjISF3l78:semantic_cosine_wp240_v1:0"",""-DP1i2ZU9gk:semantic_cosine_wp240_v1:0"",""MjbuarJ7SE0:semantic_cosine_wp240_v1:12"",""FlGjISF3l78:semantic_cosine_wp240_v1:28"",""-DP1i2ZU9gk:semantic_cosine_wp240_v1:2""]","[0.03278689,0.03001792,0.0297619,0.02946912,0.02871795,0.02830941,0.02797203,0.02782012,0.0275836,0.02683843]","[false,false,false,false,false,false,false,false,false,false]"
mit60001_hybrid_be1b8bf6a64e3b8e,dense_baseline_v1,mit60001-q-026,1,1.0,4,"[""-DP1i2ZU9gk:semantic_cosine_wp240_v1:8"",""RvRKT-jXvko:semantic_cosine_wp240_v1:23"",""7lQXYl_L28w:semantic_cosine_wp240_v1:16"",""o9nW0uBqvEo:semantic_cosine_wp240_v1:67"",""WPSeyjX1-4s:semantic_cosine_wp240_v1:58"",""6LOwPhPDwVc:semantic_cosine_wp240_v1:5"",""7lQXYl_L28w:semantic_cosine_wp240_v1:20"",""7lQXYl_L28w:semantic_cosine_wp240_v1:84"",""-DP1i2ZU9gk:semantic_cosine_wp240_v1:7"",""o9nW0uBqvEo:semantic_cosine_wp240_v1:34""]","[0.61201906,0.55648112,0.51597357,0.51572359,0.50604159,0.50445247,0.48538429,0.48414055,0.48125839,0.47792405]","[true,false,false,true,false,false,false,false,true,false]"
mit60001_hybrid_be1b8bf6a64e3b8e,bm25_v1,mit60001-q-026,4,0.25,36,"[""RvRKT-jXvko:semantic_cosine_wp240_v1:4"",""9H6muyZjms0:semantic_cosine_wp240_v1:43"",""RvRKT-jXvko:semantic_cosine_wp240_v1:32"",""-DP1i2ZU9gk:semantic_cosine_wp240_v1:8"",""7lQXYl_L28w:semantic_cosine_wp240_v1:31"",""9H6muyZjms0:semantic_cosine_wp240_v1:42"",""WPSeyjX1-4s:semantic_cosine_wp240_v1:58"",""7lQXYl_L28w:semantic_cosine_wp240_v1:16"",""SrkqbLOQcEo:semantic_cosine_wp240_v1:2"",""7lQXYl_L28w:semantic_cosine_wp240_v1:14""]","[14.7041534,12.66085856,12.61928007,11.84807363,11.07983425,10.15605384,10.06808073,9.8557254,9.56968796,9.45585875]","[false,false,false,true,false,false,false,false,false,false]"
mit60001_hybrid_be1b8bf6a64e3b8e,hybrid_rrf_k60_d100_v1,mit60001-q-026,1,1.0,10,"[""-DP1i2ZU9gk:semantic_cosine_wp240_v1:8"",""7lQXYl_L28w:semantic_cosine_wp240_v1:16"",""WPSeyjX1-4s:semantic_cosine_wp240_v1:58"",""RvRKT-jXvko:semantic_cosine_wp240_v1:23"",""RvRKT-jXvko:semantic_cosine_wp240_v1:32"",""7lQXYl_L28w:semantic_cosine_wp240_v1:31"",""o9nW0uBqvEo:semantic_cosine_wp240_v1:62"",""SrkqbLOQcEo:semantic_cosine_wp240_v1:2"",""RvRKT-jXvko:semantic_cosine_wp240_v1:27"",""o9nW0uBqvEo:semantic_cosine_wp240_v1:67""]","[0.03201844,0.0305789,0.03030999,0.02982766,0.02837302,0.02743281,0.02649123,0.02639752,0.02633403,0.02604167]","[true,false,false,false,false,false,false,false,false,true]"
mit60001_hybrid_be1b8bf6a64e3b8e,dense_baseline_v1,mit60001-q-027,3,0.333333333,3,"[""SE4P7IVCunE:semantic_cosine_wp240_v1:17"",""zYVWQpCitKQ:semantic_cosine_wp240_v1:1"",""SE4P7IVCunE:semantic_cosine_wp240_v1:21"",""SE4P7IVCunE:semantic_cosine_wp240_v1:3"",""SE4P7IVCunE:semantic_cosine_wp240_v1:4"",""SE4P7IVCunE:semantic_cosine_wp240_v1:23"",""4WtaFLayz_w:semantic_cosine_wp240_v1:1"",""SE4P7IVCunE:semantic_cosine_wp240_v1:19"",""MjbuarJ7SE0:semantic_cosine_wp240_v1:1"",""0jljZRnHwOI:semantic_cosine_wp240_v1:6""]","[0.60086536,0.59455287,0.59405643,0.58605385,0.57069397,0.56537944,0.56162727,0.55694157,0.54587007,0.53932208]","[false,false,true,false,false,false,false,false,false,false]"
mit60001_hybrid_be1b8bf6a64e3b8e,bm25_v1,mit60001-q-027,20,0.05,20,"[""SE4P7IVCunE:semantic_cosine_wp240_v1:3"",""SE4P7IVCunE:semantic_cosine_wp240_v1:23"",""o9nW0uBqvEo:semantic_cosine_wp240_v1:71"",""4WtaFLayz_w:semantic_cosine_wp240_v1:1"",""WPSeyjX1-4s:semantic_cosine_wp240_v1:51"",""SE4P7IVCunE:semantic_cosine_wp240_v1:8"",""SE4P7IVCunE:semantic_cosine_wp240_v1:17"",""SE4P7IVCunE:semantic_cosine_wp240_v1:2"",""0jljZRnHwOI:semantic_cosine_wp240_v1:2"",""6LOwPhPDwVc:semantic_cosine_wp240_v1:75""]","[13.60837441,12.84121949,12.54846651,11.65746125,11.18594041,10.49167065,10.35676925,10.32768024,9.708213,9.65061167]","[false,false,false,false,false,false,false,false,false,false]"
mit60001_hybrid_be1b8bf6a64e3b8e,hybrid_rrf_k60_d100_v1,mit60001-q-027,8,0.125,8,"[""SE4P7IVCunE:semantic_cosine_wp240_v1:3"",""SE4P7IVCunE:semantic_cosine_wp240_v1:17"",""SE4P7IVCunE:semantic_cosine_wp240_v1:23"",""4WtaFLayz_w:semantic_cosine_wp240_v1:1"",""SE4P7IVCunE:semantic_cosine_wp240_v1:4"",""zYVWQpCitKQ:semantic_cosine_wp240_v1:1"",""o9nW0uBqvEo:semantic_cosine_wp240_v1:71"",""SE4P7IVCunE:semantic_cosine_wp240_v1:21"",""RvRKT-jXvko:semantic_cosine_wp240_v1:15"",""SE4P7IVCunE:semantic_cosine_wp240_v1:26""]","[0.03201844,0.03131882,0.03128055,0.03055037,0.0292735,0.02911605,0.02886003,0.02837302,0.02667141,0.02546334]","[false,false,false,false,false,false,false,true,false,false]"
mit60001_hybrid_be1b8bf6a64e3b8e,dense_baseline_v1,mit60001-q-029,2,0.5,2,"[""MjbuarJ7SE0:semantic_cosine_wp240_v1:27"",""MjbuarJ7SE0:semantic_cosine_wp240_v1:20"",""MjbuarJ7SE0:semantic_cosine_wp240_v1:21"",""MjbuarJ7SE0:semantic_cosine_wp240_v1:16"",""MjbuarJ7SE0:semantic_cosine_wp240_v1:22"",""MjbuarJ7SE0:semantic_cosine_wp240_v1:37"",""MjbuarJ7SE0:semantic_cosine_wp240_v1:23"",""MjbuarJ7SE0:semantic_cosine_wp240_v1:36"",""MjbuarJ7SE0:semantic_cosine_wp240_v1:29"",""MjbuarJ7SE0:semantic_cosine_wp240_v1:26""]","[0.65063053,0.63251448,0.57477963,0.57101452,0.55582875,0.55366886,0.55215544,0.55086684,0.5273068,0.51558667]","[false,true,true,false,false,false,false,false,false,false]"
mit60001_hybrid_be1b8bf6a64e3b8e,bm25_v1,mit60001-q-029,3,0.333333333,3,"[""MjbuarJ7SE0:semantic_cosine_wp240_v1:16"",""MjbuarJ7SE0:semantic_cosine_wp240_v1:29"",""MjbuarJ7SE0:semantic_cosine_wp240_v1:20"",""4gPwo38MNss:semantic_cosine_wp240_v1:0"",""WPSeyjX1-4s:semantic_cosine_wp240_v1:22"",""MjbuarJ7SE0:semantic_cosine_wp240_v1:21"",""MjbuarJ7SE0:semantic_cosine_wp240_v1:22"",""MjbuarJ7SE0:semantic_cosine_wp240_v1:27"",""9H6muyZjms0:semantic_cosine_wp240_v1:39"",""9H6muyZjms0:semantic_cosine_wp240_v1:51""]","[14.31329505,11.6470458,11.04885744,10.29025264,9.46640236,9.38552471,9.38364931,9.36937649,9.36432452,8.97304467]","[false,false,true,false,false,true,false,false,false,false]"
mit60001_hybrid_be1b8bf6a64e3b8e,hybrid_rrf_k60_d100_v1,mit60001-q-029,2,0.5,2,"[""MjbuarJ7SE0:semantic_cosine_wp240_v1:16"",""MjbuarJ7SE0:semantic_cosine_wp240_v1:20"",""MjbuarJ7SE0:semantic_cosine_wp240_v1:27"",""MjbuarJ7SE0:semantic_cosine_wp240_v1:21"",""MjbuarJ7SE0:semantic_cosine_wp240_v1:29"",""MjbuarJ7SE0:semantic_cosine_wp240_v1:22"",""MjbuarJ7SE0:semantic_cosine_wp240_v1:36"",""MjbuarJ7SE0:semantic_cosine_wp240_v1:23"",""MjbuarJ7SE0:semantic_cosine_wp240_v1:19"",""MjbuarJ7SE0:semantic_cosine_wp240_v1:37""]","[0.03201844,0.03200205,0.03109932,0.03102453,0.03062179,0.03030999,0.0282194,0.02697357,0.0267094,0.02651515]","[false,true,false,true,false,false,false,false,false,false]"
mit60001_hybrid_be1b8bf6a64e3b8e,dense_baseline_v1,mit60001-q-030,1,1.0,2,"[""-DP1i2ZU9gk:semantic_cosine_wp240_v1:21"",""-DP1i2ZU9gk:semantic_cosine_wp240_v1:22"",""FlGjISF3l78:semantic_cosine_wp240_v1:5"",""WPSeyjX1-4s:semantic_cosine_wp240_v1:7"",""FlGjISF3l78:semantic_cosine_wp240_v1:3"",""FlGjISF3l78:semantic_cosine_wp240_v1:39"",""-DP1i2ZU9gk:semantic_cosine_wp240_v1:24"",""-DP1i2ZU9gk:semantic_cosine_wp240_v1:34"",""-DP1i2ZU9gk:semantic_cosine_wp240_v1:28"",""-DP1i2ZU9gk:semantic_cosine_wp240_v1:25""]","[0.64769745,0.59968829,0.58524549,0.54760122,0.53446507,0.52129906,0.51155138,0.48152354,0.47763109,0.47455269]","[true,true,false,false,false,false,false,false,false,false]"
mit60001_hybrid_be1b8bf6a64e3b8e,bm25_v1,mit60001-q-030,17,0.058823529,17,"[""FlGjISF3l78:semantic_cosine_wp240_v1:61"",""-DP1i2ZU9gk:semantic_cosine_wp240_v1:28"",""-DP1i2ZU9gk:semantic_cosine_wp240_v1:33"",""FlGjISF3l78:semantic_cosine_wp240_v1:38"",""-DP1i2ZU9gk:semantic_cosine_wp240_v1:25"",""-DP1i2ZU9gk:semantic_cosine_wp240_v1:38"",""-DP1i2ZU9gk:semantic_cosine_wp240_v1:32"",""-DP1i2ZU9gk:semantic_cosine_wp240_v1:24"",""-DP1i2ZU9gk:semantic_cosine_wp240_v1:37"",""-DP1i2ZU9gk:semantic_cosine_wp240_v1:40""]","[15.40217291,14.81813808,14.44438512,14.33264829,14.14537989,14.12812637,13.38396468,13.24009949,13.12017176,13.08059009]","[false,false,false,false,false,false,false,false,false,false]"
mit60001_hybrid_be1b8bf6a64e3b8e,hybrid_rrf_k60_d100_v1,mit60001-q-030,4,0.25,4,"[""-DP1i2ZU9gk:semantic_cosine_wp240_v1:28"",""-DP1i2ZU9gk:semantic_cosine_wp240_v1:25"",""-DP1i2ZU9gk:semantic_cosine_wp240_v1:24"",""-DP1i2ZU9gk:semantic_cosine_wp240_v1:22"",""-DP1i2ZU9gk:semantic_cosine_wp240_v1:21"",""FlGjISF3l78:semantic_cosine_wp240_v1:39"",""FlGjISF3l78:semantic_cosine_wp240_v1:61"",""FlGjISF3l78:semantic_cosine_wp240_v1:5"",""FlGjISF3l78:semantic_cosine_wp240_v1:38"",""FlGjISF3l78:semantic_cosine_wp240_v1:24""]","[0.03062179,0.02967033,0.02963126,0.02911605,0.02750455,0.02734664,0.02670272,0.02651131,0.02637769,0.02527822]","[false,false,false,true,true,false,false,false,false,false]"
mit60001_hybrid_be1b8bf6a64e3b8e,dense_baseline_v1,mit60001-q-031,3,0.333333333,5,"[""RvRKT-jXvko:semantic_cosine_wp240_v1:47"",""RvRKT-jXvko:semantic_cosine_wp240_v1:37"",""RvRKT-jXvko:semantic_cosine_wp240_v1:49"",""RvRKT-jXvko:semantic_cosine_wp240_v1:33"",""RvRKT-jXvko:semantic_cosine_wp240_v1:44"",""RvRKT-jXvko:semantic_cosine_wp240_v1:27"",""RvRKT-jXvko:semantic_cosine_wp240_v1:43"",""SrkqbLOQcEo:semantic_cosine_wp240_v1:1"",""SrkqbLOQcEo:semantic_cosine_wp240_v1:3"",""WPSeyjX1-4s:semantic_cosine_wp240_v1:1""]","[0.64767075,0.63116598,0.5633269,0.54920876,0.53193498,0.5067091,0.49601167,0.48582494,0.48568997,0.47223973]","[false,false,true,false,true,false,true,false,false,false]"
mit60001_hybrid_be1b8bf6a64e3b8e,bm25_v1,mit60001-q-031,10,0.1,49,"[""RvRKT-jXvko:semantic_cosine_wp240_v1:37"",""RvRKT-jXvko:semantic_cosine_wp240_v1:52"",""RvRKT-jXvko:semantic_cosine_wp240_v1:47"",""7lQXYl_L28w:semantic_cosine_wp240_v1:54"",""o9nW0uBqvEo:semantic_cosine_wp240_v1:34"",""o9nW0uBqvEo:semantic_cosine_wp240_v1:35"",""WPSeyjX1-4s:semantic_cosine_wp240_v1:1"",""RvRKT-jXvko:semantic_cosine_wp240_v1:33"",""MjbuarJ7SE0:semantic_cosine_wp240_v1:35"",""RvRKT-jXvko:semantic_cosine_wp240_v1:43""]","[13.40631457,12.91025428,10.99922377,9.42199689,9.10168307,9.06000998,8.98310601,8.96498141,8.92320426,8.80354689]","[false,false,false,false,false,false,false,false,false,true]"
mit60001_hybrid_be1b8bf6a64e3b8e,hybrid_rrf_k60_d100_v1,mit60001-q-031,5,0.2,9,"[""RvRKT-jXvko:semantic_cosine_wp240_v1:37"",""RvRKT-jXvko:semantic_cosine_wp240_v1:47"",""RvRKT-jXvko:semantic_cosine_wp240_v1:33"",""RvRKT-jXvko:semantic_cosine_wp240_v1:52"",""RvRKT-jXvko:semantic_cosine_wp240_v1:43"",""WPSeyjX1-4s:semantic_cosine_wp240_v1:1"",""SrkqbLOQcEo:semantic_cosine_wp240_v1:1"",""SrkqbLOQcEo:semantic_cosine_wp240_v1:3"",""RvRKT-jXvko:semantic_cosine_wp240_v1:49"",""RvRKT-jXvko:semantic_cosine_wp240_v1:31""]","[0.03252247,0.03226646,0.03033088,0.03021354,0.02921109,0.02921109,0.02786378,0.02715098,0.02504733,0.02432234]","[false,false,false,false,true,false,false,false,true,false]"
mit60001_hybrid_be1b8bf6a64e3b8e,dense_baseline_v1,mit60001-q-032,3,0.333333333,4,"[""9H6muyZjms0:semantic_cosine_wp240_v1:31"",""9H6muyZjms0:semantic_cosine_wp240_v1:37"",""9H6muyZjms0:semantic_cosine_wp240_v1:41"",""9H6muyZjms0:semantic_cosine_wp240_v1:35"",""9H6muyZjms0:semantic_cosine_wp240_v1:32"",""9H6muyZjms0:semantic_cosine_wp240_v1:38"",""9H6muyZjms0:semantic_cosine_wp240_v1:33"",""9H6muyZjms0:semantic_cosine_wp240_v1:34"",""9H6muyZjms0:semantic_cosine_wp240_v1:51"",""6LOwPhPDwVc:semantic_cosine_wp240_v1:27""]","[0.4688254,0.43308502,0.4193334,0.40925062,0.39561224,0.37368897,0.32516098,0.32045454,0.29322216,0.25470126]","[false,false,true,true,false,false,true,true,false,false]"
mit60001_hybrid_be1b8bf6a64e3b8e,bm25_v1,mit60001-q-032,3,0.333333333,4,"[""9H6muyZjms0:semantic_cosine_wp240_v1:37"",""9H6muyZjms0:semantic_cosine_wp240_v1:31"",""9H6muyZjms0:semantic_cosine_wp240_v1:35"",""9H6muyZjms0:semantic_cosine_wp240_v1:41"",""9H6muyZjms0:semantic_cosine_wp240_v1:43"",""0Whyfs88TYE:semantic_cosine_wp240_v1:3"",""FlGjISF3l78:semantic_cosine_wp240_v1:38"",""9H6muyZjms0:semantic_cosine_wp240_v1:49"",""FlGjISF3l78:semantic_cosine_wp240_v1:16"",""o9nW0uBqvEo:semantic_cosine_wp240_v1:48""]","[21.78852917,17.04487296,12.57842951,11.46646585,9.90100094,8.80388308,8.39613381,7.93890384,7.77836864,7.73316155]","[false,false,true,true,false,false,false,false,false,false]"
mit60001_hybrid_be1b8bf6a64e3b8e,hybrid_rrf_k60_d100_v1,mit60001-q-032,3,0.333333333,4,"[""9H6muyZjms0:semantic_cosine_wp240_v1:31"",""9H6muyZjms0:semantic_cosine_wp240_v1:37"",""9H6muyZjms0:semantic_cosine_wp240_v1:35"",""9H6muyZjms0:semantic_cosine_wp240_v1:41"",""9H6muyZjms0:semantic_cosine_wp240_v1:32"",""9H6muyZjms0:semantic_cosine_wp240_v1:49"",""9H6muyZjms0:semantic_cosine_wp240_v1:43"",""9H6muyZjms0:semantic_cosine_wp240_v1:52"",""SE4P7IVCunE:semantic_cosine_wp240_v1:16"",""FlGjISF3l78:semantic_cosine_wp240_v1:61""]","[0.03252247,0.03252247,0.03149802,0.03149802,0.02820513,0.02736411,0.02538462,0.02433693,0.02340737,0.02275924]","[false,false,true,true,false,false,false,false,false,false]"
mit60001_hybrid_be1b8bf6a64e3b8e,dense_baseline_v1,mit60001-q-033,2,0.5,2,"[""RvRKT-jXvko:semantic_cosine_wp240_v1:0"",""MjbuarJ7SE0:semantic_cosine_wp240_v1:13"",""MjbuarJ7SE0:semantic_cosine_wp240_v1:54"",""MjbuarJ7SE0:semantic_cosine_wp240_v1:12"",""MjbuarJ7SE0:semantic_cosine_wp240_v1:6"",""9H6muyZjms0:semantic_cosine_wp240_v1:6"",""nykOeWgQcHM:semantic_cosine_wp240_v1:7"",""nykOeWgQcHM:semantic_cosine_wp240_v1:6"",""-DP1i2ZU9gk:semantic_cosine_wp240_v1:11"",""MjbuarJ7SE0:semantic_cosine_wp240_v1:11""]","[0.69880611,0.64186931,0.63102221,0.61642092,0.60700858,0.60421628,0.58462334,0.56275326,0.55805469,0.54890114]","[false,true,false,false,false,false,false,false,false,false]"
mit60001_hybrid_be1b8bf6a64e3b8e,bm25_v1,mit60001-q-033,7,0.142857143,7,"[""9H6muyZjms0:semantic_cosine_wp240_v1:6"",""MjbuarJ7SE0:semantic_cosine_wp240_v1:6"",""RvRKT-jXvko:semantic_cosine_wp240_v1:0"",""-DP1i2ZU9gk:semantic_cosine_wp240_v1:11"",""MjbuarJ7SE0:semantic_cosine_wp240_v1:12"",""MjbuarJ7SE0:semantic_cosine_wp240_v1:54"",""MjbuarJ7SE0:semantic_cosine_wp240_v1:13"",""9H6muyZjms0:semantic_cosine_wp240_v1:31"",""MjbuarJ7SE0:semantic_cosine_wp240_v1:9"",""nykOeWgQcHM:semantic_cosine_wp240_v1:7""]","[19.85014054,17.44135986,16.92853986,15.55131739,15.16211314,15.03464148,13.33611205,13.14657198,13.12313114,12.50485188]","[false,false,false,false,false,false,true,false,false,false]"
mit60001_hybrid_be1b8bf6a64e3b8e,hybrid_rrf_k60_d100_v1,mit60001-q-033,4,0.25,4,"[""RvRKT-jXvko:semantic_cosine_wp240_v1:0"",""9H6muyZjms0:semantic_cosine_wp240_v1:6"",""MjbuarJ7SE0:semantic_cosine_wp240_v1:6"",""MjbuarJ7SE0:semantic_cosine_wp240_v1:13"",""MjbuarJ7SE0:semantic_cosine_wp240_v1:54"",""MjbuarJ7SE0:semantic_cosine_wp240_v1:12"",""-DP1i2ZU9gk:semantic_cosine_wp240_v1:11"",""nykOeWgQcHM:semantic_cosine_wp240_v1:7"",""nykOeWgQcHM:semantic_cosine_wp240_v1:6"",""MjbuarJ7SE0:semantic_cosine_wp240_v1:11""]","[0.03226646,0.03154496,0.03151365,0.03105441,0.03102453,0.03100962,0.03011775,0.02921109,0.02803922,0.02727273]","[false,false,false,true,false,false,false,false,false,false]"
mit60001_hybrid_be1b8bf6a64e3b8e,dense_baseline_v1,mit60001-q-034,2,0.5,5,"[""9H6muyZjms0:semantic_cosine_wp240_v1:31"",""9H6muyZjms0:semantic_cosine_wp240_v1:25"",""9H6muyZjms0:semantic_cosine_wp240_v1:20"",""9H6muyZjms0:semantic_cosine_wp240_v1:22"",""9H6muyZjms0:semantic_cosine_wp240_v1:7"",""9H6muyZjms0:semantic_cosine_wp240_v1:11"",""4WtaFLayz_w:semantic_cosine_wp240_v1:6"",""nykOeWgQcHM:semantic_cosine_wp240_v1:35"",""9H6muyZjms0:semantic_cosine_wp240_v1:9"",""9H6muyZjms0:semantic_cosine_wp240_v1:28""]","[0.54773521,0.51795828,0.50825918,0.477332,0.47128499,0.46506423,0.45371506,0.44291827,0.43791029,0.43433988]","[false,true,false,false,true,false,false,false,false,false]"
mit60001_hybrid_be1b8bf6a64e3b8e,bm25_v1,mit60001-q-034,2,0.5,5,"[""9H6muyZjms0:semantic_cosine_wp240_v1:31"",""9H6muyZjms0:semantic_cosine_wp240_v1:7"",""9H6muyZjms0:semantic_cosine_wp240_v1:9"",""9H6muyZjms0:semantic_cosine_wp240_v1:11"",""9H6muyZjms0:semantic_cosine_wp240_v1:25"",""9H6muyZjms0:semantic_cosine_wp240_v1:28"",""9H6muyZjms0:semantic_cosine_wp240_v1:13"",""9H6muyZjms0:semantic_cosine_wp240_v1:8"",""nykOeWgQcHM:semantic_cosine_wp240_v1:35"",""nykOeWgQcHM:semantic_cosine_wp240_v1:36""]","[22.59345834,17.31665366,17.22016463,13.1126758,12.83789242,12.05726473,11.72367602,11.41592718,11.06639061,10.89060722]","[false,true,false,false,true,false,false,true,false,false]"
mit60001_hybrid_be1b8bf6a64e3b8e,hybrid_rrf_k60_d100_v1,mit60001-q-034,2,0.5,3,"[""9H6muyZjms0:semantic_cosine_wp240_v1:31"",""9H6muyZjms0:semantic_cosine_wp240_v1:25"",""9H6muyZjms0:semantic_cosine_wp240_v1:7"",""9H6muyZjms0:semantic_cosine_wp240_v1:11"",""9H6muyZjms0:semantic_cosine_wp240_v1:9"",""9H6muyZjms0:semantic_cosine_wp240_v1:28"",""nykOeWgQcHM:semantic_cosine_wp240_v1:35"",""9H6muyZjms0:semantic_cosine_wp240_v1:20"",""9H6muyZjms0:semantic_cosine_wp240_v1:8"",""9H6muyZjms0:semantic_cosine_wp240_v1:35""]","[0.03278689,0.03151365,0.03151365,0.03077652,0.03036577,0.02943723,0.02919864,0.02903091,0.02879039,0.02632035]","[false,true,true,false,false,false,false,false,true,false]"
mit60001_hybrid_be1b8bf6a64e3b8e,dense_baseline_v1,mit60001-q-035,2,0.5,4,"[""RvRKT-jXvko:semantic_cosine_wp240_v1:47"",""WPSeyjX1-4s:semantic_cosine_wp240_v1:1"",""RvRKT-jXvko:semantic_cosine_wp240_v1:37"",""RvRKT-jXvko:semantic_cosine_wp240_v1:49"",""RvRKT-jXvko:semantic_cosine_wp240_v1:52"",""RvRKT-jXvko:semantic_cosine_wp240_v1:44"",""SrkqbLOQcEo:semantic_cosine_wp240_v1:1"",""RvRKT-jXvko:semantic_cosine_wp240_v1:55"",""SrkqbLOQcEo:semantic_cosine_wp240_v1:3"",""RvRKT-jXvko:semantic_cosine_wp240_v1:51""]","[0.46366006,0.46217555,0.45488301,0.39418972,0.38049626,0.37656111,0.31330884,0.3004854,0.29912794,0.29899538]","[false,true,false,true,false,false,false,false,false,false]"
mit60001_hybrid_be1b8bf6a64e3b8e,bm25_v1,mit60001-q-035,1,1.0,7,"[""WPSeyjX1-4s:semantic_cosine_wp240_v1:1"",""RvRKT-jXvko:semantic_cosine_wp240_v1:44"",""RvRKT-jXvko:semantic_cosine_wp240_v1:54"",""RvRKT-jXvko:semantic_cosine_wp240_v1:51"",""RvRKT-jXvko:semantic_cosine_wp240_v1:25"",""RvRKT-jXvko:semantic_cosine_wp240_v1:52"",""RvRKT-jXvko:semantic_cosine_wp240_v1:50"",""nykOeWgQcHM:semantic_cosine_wp240_v1:10"",""-DP1i2ZU9gk:semantic_cosine_wp240_v1:7"",""7lQXYl_L28w:semantic_cosine_wp240_v1:52""]","[17.51180038,15.69456875,13.74860424,13.08387435,11.347229,10.32186346,8.84775741,8.79153572,8.68171483,8.51460211]","[true,false,false,false,false,false,true,false,false,false]"
mit60001_hybrid_be1b8bf6a64e3b8e,hybrid_rrf_k60_d100_v1,mit60001-q-035,1,1.0,8,"[""WPSeyjX1-4s:semantic_cosine_wp240_v1:1"",""RvRKT-jXvko:semantic_cosine_wp240_v1:44"",""RvRKT-jXvko:semantic_cosine_wp240_v1:52"",""RvRKT-jXvko:semantic_cosine_wp240_v1:51"",""RvRKT-jXvko:semantic_cosine_wp240_v1:25"",""WPSeyjX1-4s:semantic_cosine_wp240_v1:57"",""RvRKT-jXvko:semantic_cosine_wp240_v1:54"",""RvRKT-jXvko:semantic_cosine_wp240_v1:50"",""-DP1i2ZU9gk:semantic_cosine_wp240_v1:7"",""RvRKT-jXvko:semantic_cosine_wp240_v1:47""]","[0.03252247,0.03128055,0.03053613,0.02991071,0.02788462,0.02704678,0.0266257,0.02628901,0.02612066,0.02573924]","[true,false,false,false,false,false,false,true,false,false]"
mit60001_hybrid_be1b8bf6a64e3b8e,dense_baseline_v1,mit60001-q-037,1,1.0,6,"[""7lQXYl_L28w:semantic_cosine_wp240_v1:13"",""6LOwPhPDwVc:semantic_cosine_wp240_v1:2"",""6LOwPhPDwVc:semantic_cosine_wp240_v1:3"",""SE4P7IVCunE:semantic_cosine_wp240_v1:29"",""7lQXYl_L28w:semantic_cosine_wp240_v1:15"",""6LOwPhPDwVc:semantic_cosine_wp240_v1:4"",""o9nW0uBqvEo:semantic_cosine_wp240_v1:70"",""SE4P7IVCunE:semantic_cosine_wp240_v1:53"",""6LOwPhPDwVc:semantic_cosine_wp240_v1:14"",""7lQXYl_L28w:semantic_cosine_wp240_v1:19""]","[0.64719677,0.56745994,0.5392983,0.50525534,0.49203742,0.48872811,0.48003167,0.46854722,0.46326423,0.45160824]","[true,false,false,false,false,true,false,false,false,false]"
mit60001_hybrid_be1b8bf6a64e3b8e,bm25_v1,mit60001-q-037,2,0.5,17,"[""6LOwPhPDwVc:semantic_cosine_wp240_v1:14"",""7lQXYl_L28w:semantic_cosine_wp240_v1:13"",""6LOwPhPDwVc:semantic_cosine_wp240_v1:17"",""6LOwPhPDwVc:semantic_cosine_wp240_v1:16"",""6LOwPhPDwVc:semantic_cosine_wp240_v1:3"",""SE4P7IVCunE:semantic_cosine_wp240_v1:52"",""7lQXYl_L28w:semantic_cosine_wp240_v1:15"",""6LOwPhPDwVc:semantic_cosine_wp240_v1:18"",""6LOwPhPDwVc:semantic_cosine_wp240_v1:1"",""nykOeWgQcHM:semantic_cosine_wp240_v1:7""]","[18.49300002,15.10003524,13.13124877,13.12272696,12.19227657,11.30877915,11.18569027,11.17199614,10.37662614,10.36015606]","[false,true,false,false,false,false,false,false,false,false]"
mit60001_hybrid_be1b8bf6a64e3b8e,hybrid_rrf_k60_d100_v1,mit60001-q-037,1,1.0,8,"[""7lQXYl_L28w:semantic_cosine_wp240_v1:13"",""6LOwPhPDwVc:semantic_cosine_wp240_v1:3"",""6LOwPhPDwVc:semantic_cosine_wp240_v1:14"",""7lQXYl_L28w:semantic_cosine_wp240_v1:15"",""6LOwPhPDwVc:semantic_cosine_wp240_v1:17"",""6LOwPhPDwVc:semantic_cosine_wp240_v1:16"",""SE4P7IVCunE:semantic_cosine_wp240_v1:52"",""6LOwPhPDwVc:semantic_cosine_wp240_v1:4"",""o9nW0uBqvEo:semantic_cosine_wp240_v1:61"",""6LOwPhPDwVc:semantic_cosine_wp240_v1:1""]","[0.03252247,0.03125763,0.0308862,0.03030999,0.0297619,0.02895833,0.02885015,0.02813853,0.02759802,0.02699275]","[true,false,false,false,false,false,false,true,false,false]"
mit60001_hybrid_be1b8bf6a64e3b8e,dense_baseline_v1,mit60001-q-038,5,0.2,5,"[""6LOwPhPDwVc:semantic_cosine_wp240_v1:14"",""o9nW0uBqvEo:semantic_cosine_wp240_v1:70"",""7lQXYl_L28w:semantic_cosine_wp240_v1:13"",""7lQXYl_L28w:semantic_cosine_wp240_v1:15"",""6LOwPhPDwVc:semantic_cosine_wp240_v1:4"",""6LOwPhPDwVc:semantic_cosine_wp240_v1:17"",""6LOwPhPDwVc:semantic_cosine_wp240_v1:68"",""6LOwPhPDwVc:semantic_cosine_wp240_v1:2"",""o9nW0uBqvEo:semantic_cosine_wp240_v1:61"",""6LOwPhPDwVc:semantic_cosine_wp240_v1:3""]","[0.54813755,0.54386324,0.53487241,0.52004397,0.51728368,0.50130391,0.47926769,0.47904372,0.45418715,0.44937688]","[false,false,false,false,true,false,false,false,false,true]"
mit60001_hybrid_be1b8bf6a64e3b8e,bm25_v1,mit60001-q-038,3,0.333333333,3,"[""6LOwPhPDwVc:semantic_cosine_wp240_v1:14"",""7lQXYl_L28w:semantic_cosine_wp240_v1:13"",""6LOwPhPDwVc:semantic_cosine_wp240_v1:4"",""o9nW0uBqvEo:semantic_cosine_wp240_v1:70"",""RvRKT-jXvko:semantic_cosine_wp240_v1:42"",""o9nW0uBqvEo:semantic_cosine_wp240_v1:38"",""7lQXYl_L28w:semantic_cosine_wp240_v1:15"",""6LOwPhPDwVc:semantic_cosine_wp240_v1:17"",""6LOwPhPDwVc:semantic_cosine_wp240_v1:21"",""o9nW0uBqvEo:semantic_cosine_wp240_v1:51""]","[23.04075926,13.15088891,12.81673608,12.09266371,11.48959606,10.48852747,10.37120427,9.82425017,9.67159613,9.46157502]","[false,false,true,false,false,false,false,false,false,false]"
mit60001_hybrid_be1b8bf6a64e3b8e,hybrid_rrf_k60_d100_v1,mit60001-q-038,4,0.25,4,"[""6LOwPhPDwVc:semantic_cosine_wp240_v1:14"",""7lQXYl_L28w:semantic_cosine_wp240_v1:13"",""o9nW0uBqvEo:semantic_cosine_wp240_v1:70"",""6LOwPhPDwVc:semantic_cosine_wp240_v1:4"",""7lQXYl_L28w:semantic_cosine_wp240_v1:15"",""6LOwPhPDwVc:semantic_cosine_wp240_v1:17"",""6LOwPhPDwVc:semantic_cosine_wp240_v1:2"",""6LOwPhPDwVc:semantic_cosine_wp240_v1:3"",""RvRKT-jXvko:semantic_cosine_wp240_v1:42"",""o9nW0uBqvEo:semantic_cosine_wp240_v1:61""]","[0.03278689,0.03200205,0.03175403,0.03125763,0.03055037,0.0298574,0.0276929,0.02744361,0.02701252,0.02699275]","[false,false,false,true,false,false,false,true,false,false]"
mit60001_hybrid_be1b8bf6a64e3b8e,dense_baseline_v1,mit60001-q-039,1,1.0,2,"[""9H6muyZjms0:semantic_cosine_wp240_v1:15"",""9H6muyZjms0:semantic_cosine_wp240_v1:13"",""9H6muyZjms0:semantic_cosine_wp240_v1:17"",""9H6muyZjms0:semantic_cosine_wp240_v1:16"",""9H6muyZjms0:semantic_cosine_wp240_v1:14"",""9H6muyZjms0:semantic_cosine_wp240_v1:0"",""9H6muyZjms0:semantic_cosine_wp240_v1:9"",""0jljZRnHwOI:semantic_cosine_wp240_v1:20"",""9H6muyZjms0:semantic_cosine_wp240_v1:49"",""nykOeWgQcHM:semantic_cosine_wp240_v1:5""]","[0.67595756,0.59078383,0.52976424,0.4834421,0.43848023,0.36398536,0.31358653,0.31005135,0.28912303,0.28563297]","[true,true,false,false,false,false,false,false,false,false]"
mit60001_hybrid_be1b8bf6a64e3b8e,bm25_v1,mit60001-q-039,1,1.0,2,"[""9H6muyZjms0:semantic_cosine_wp240_v1:13"",""9H6muyZjms0:semantic_cosine_wp240_v1:15"",""MjbuarJ7SE0:semantic_cosine_wp240_v1:8"",""9H6muyZjms0:semantic_cosine_wp240_v1:16"",""9H6muyZjms0:semantic_cosine_wp240_v1:14"",""9H6muyZjms0:semantic_cosine_wp240_v1:17"",""9H6muyZjms0:semantic_cosine_wp240_v1:11"",""9H6muyZjms0:semantic_cosine_wp240_v1:7"",""9H6muyZjms0:semantic_cosine_wp240_v1:31"",""nykOeWgQcHM:semantic_cosine_wp240_v1:10""]","[30.82012506,20.78531834,14.42060233,14.26739499,13.70034106,12.80442024,9.77835277,7.89436018,7.84381036,7.80958887]","[true,true,false,false,false,false,false,false,false,false]"
mit60001_hybrid_be1b8bf6a64e3b8e,hybrid_rrf_k60_d100_v1,mit60001-q-039,1,1.0,2,"[""9H6muyZjms0:semantic_cosine_wp240_v1:13"",""9H6muyZjms0:semantic_cosine_wp240_v1:15"",""9H6muyZjms0:semantic_cosine_wp240_v1:16"",""9H6muyZjms0:semantic_cosine_wp240_v1:17"",""9H6muyZjms0:semantic_cosine_wp240_v1:14"",""9H6muyZjms0:semantic_cosine_wp240_v1:7"",""9H6muyZjms0:semantic_cosine_wp240_v1:11"",""MjbuarJ7SE0:semantic_cosine_wp240_v1:8"",""9H6muyZjms0:semantic_cosine_wp240_v1:9"",""nykOeWgQcHM:semantic_cosine_wp240_v1:5""]","[0.03252247,0.03252247,0.03125,0.03102453,0.03076923,0.02859477,0.02808327,0.02792121,0.02791239,0.02744361]","[true,true,false,false,false,false,false,false,false,false]"
mit60001_hybrid_be1b8bf6a64e3b8e,dense_baseline_v1,mit60001-q-040,4,0.25,4,"[""9H6muyZjms0:semantic_cosine_wp240_v1:51"",""9H6muyZjms0:semantic_cosine_wp240_v1:31"",""9H6muyZjms0:semantic_cosine_wp240_v1:49"",""9H6muyZjms0:semantic_cosine_wp240_v1:52"",""9H6muyZjms0:semantic_cosine_wp240_v1:50"",""9H6muyZjms0:semantic_cosine_wp240_v1:35"",""9H6muyZjms0:semantic_cosine_wp240_v1:41"",""9H6muyZjms0:semantic_cosine_wp240_v1:37"",""-DP1i2ZU9gk:semantic_cosine_wp240_v1:45"",""9H6muyZjms0:semantic_cosine_wp240_v1:13""]","[0.55317825,0.53251076,0.5178718,0.50597501,0.48406869,0.40863004,0.3720392,0.37137026,0.37091923,0.36571679]","[false,false,false,true,false,false,false,false,false,false]"
mit60001_hybrid_be1b8bf6a64e3b8e,bm25_v1,mit60001-q-040,406,0.002463054,406,"[""9H6muyZjms0:semantic_cosine_wp240_v1:31"",""9H6muyZjms0:semantic_cosine_wp240_v1:41"",""9H6muyZjms0:semantic_cosine_wp240_v1:50"",""9H6muyZjms0:semantic_cosine_wp240_v1:32"",""9H6muyZjms0:semantic_cosine_wp240_v1:37"",""nykOeWgQcHM:semantic_cosine_wp240_v1:10"",""8s0d87sjy1A:semantic_cosine_wp240_v1:2"",""9H6muyZjms0:semantic_cosine_wp240_v1:35"",""7lQXYl_L28w:semantic_cosine_wp240_v1:9"",""nykOeWgQcHM:semantic_cosine_wp240_v1:5""]","[13.85336245,12.91775057,11.93841635,9.66697058,8.37579431,7.80958887,7.3782294,7.29530715,6.87444281,6.72492977]","[false,false,false,false,false,false,false,false,false,false]"
mit60001_hybrid_be1b8bf6a64e3b8e,hybrid_rrf_k60_d100_v1,mit60001-q-040,20,0.05,20,"[""9H6muyZjms0:semantic_cosine_wp240_v1:31"",""9H6muyZjms0:semantic_cosine_wp240_v1:50"",""9H6muyZjms0:semantic_cosine_wp240_v1:41"",""9H6muyZjms0:semantic_cosine_wp240_v1:37"",""9H6muyZjms0:semantic_cosine_wp240_v1:35"",""9H6muyZjms0:semantic_cosine_wp240_v1:32"",""9H6muyZjms0:semantic_cosine_wp240_v1:51"",""9H6muyZjms0:semantic_cosine_wp240_v1:33"",""8s0d87sjy1A:semantic_cosine_wp240_v1:2"",""nykOeWgQcHM:semantic_cosine_wp240_v1:35""]","[0.03252247,0.03125763,0.03105441,0.0300905,0.0298574,0.02932363,0.02873912,0.02541828,0.02492537,0.02469512]","[false,false,false,false,false,false,false,false,false,false]"
mit60001_hybrid_be1b8bf6a64e3b8e,dense_baseline_v1,mit60001-q-041,5,0.2,9,"[""vqn_yk5aFcI:semantic_cosine_wp240_v1:0"",""-DP1i2ZU9gk:semantic_cosine_wp240_v1:42"",""2__KumJsGXc:semantic_cosine_wp240_v1:0"",""FlGjISF3l78:semantic_cosine_wp240_v1:12"",""-DP1i2ZU9gk:semantic_cosine_wp240_v1:13"",""FlGjISF3l78:semantic_cosine_wp240_v1:7"",""-DP1i2ZU9gk:semantic_cosine_wp240_v1:16"",""FlGjISF3l78:semantic_cosine_wp240_v1:51"",""FlGjISF3l78:semantic_cosine_wp240_v1:4"",""FlGjISF3l78:semantic_cosine_wp240_v1:34""]","[0.53165722,0.51243562,0.4876281,0.48694143,0.48162574,0.47791219,0.46861929,0.46569696,0.44987512,0.44064832]","[false,false,false,false,true,false,false,false,true,false]"
mit60001_hybrid_be1b8bf6a64e3b8e,bm25_v1,mit60001-q-041,14,0.071428571,67,"[""FlGjISF3l78:semantic_cosine_wp240_v1:12"",""8s0d87sjy1A:semantic_cosine_wp240_v1:2"",""FlGjISF3l78:semantic_cosine_wp240_v1:17"",""FlGjISF3l78:semantic_cosine_wp240_v1:55"",""nykOeWgQcHM:semantic_cosine_wp240_v1:5"",""-DP1i2ZU9gk:semantic_cosine_wp240_v1:22"",""FlGjISF3l78:semantic_cosine_wp240_v1:14"",""FlGjISF3l78:semantic_cosine_wp240_v1:51"",""FlGjISF3l78:semantic_cosine_wp240_v1:23"",""-DP1i2ZU9gk:semantic_cosine_wp240_v1:42""]","[11.47401844,11.30123105,11.01671856,10.89010262,10.73220346,10.22920874,10.20186363,10.14527164,10.13207923,10.05758436]","[false,false,false,false,false,false,false,false,false,false]"
mit60001_hybrid_be1b8bf6a64e3b8e,hybrid_rrf_k60_d100_v1,mit60001-q-041,4,0.25,24,"[""FlGjISF3l78:semantic_cosine_wp240_v1:12"",""-DP1i2ZU9gk:semantic_cosine_wp240_v1:42"",""FlGjISF3l78:semantic_cosine_wp240_v1:51"",""-DP1i2ZU9gk:semantic_cosine_wp240_v1:13"",""FlGjISF3l78:semantic_cosine_wp240_v1:7"",""FlGjISF3l78:semantic_cosine_wp240_v1:55"",""8s0d87sjy1A:semantic_cosine_wp240_v1:2"",""nykOeWgQcHM:semantic_cosine_wp240_v1:6"",""-DP1i2ZU9gk:semantic_cosine_wp240_v1:22"",""FlGjISF3l78:semantic_cosine_wp240_v1:6""]","[0.03201844,0.03041475,0.02941176,0.02889813,0.02830941,0.02752976,0.0265457,0.02615385,0.02614053,0.02599156]","[false,false,false,true,false,false,false,false,false,false]"
