reranking_run_id,retrieval_method,question_id,candidate_depth,first_relevant_rank,reciprocal_rank,chunks_to_full_coverage,score_type,top_3_chunk_ids_json,top_3_scores_json,top_3_relevant_flags_json,top_10_chunk_ids_json,top_10_scores_json,top_10_relevant_flags_json
mit60001_rerank_46564f781c27d679,dense_baseline_v1,mit60001-q-001,50,1,1.0,10,dense_cosine,"[""nykOeWgQcHM:semantic_cosine_wp240_v1:6"",""nykOeWgQcHM:semantic_cosine_wp240_v1:3"",""nykOeWgQcHM:semantic_cosine_wp240_v1:7""]","[0.45026976,0.4196167,0.40323442]","[true,true,false]","[""nykOeWgQcHM:semantic_cosine_wp240_v1:6"",""nykOeWgQcHM:semantic_cosine_wp240_v1:3"",""nykOeWgQcHM:semantic_cosine_wp240_v1:7"",""nykOeWgQcHM:semantic_cosine_wp240_v1:5"",""nykOeWgQcHM:semantic_cosine_wp240_v1:12"",""o9nW0uBqvEo:semantic_cosine_wp240_v1:0"",""nykOeWgQcHM:semantic_cosine_wp240_v1:8"",""9H6muyZjms0:semantic_cosine_wp240_v1:0"",""2__KumJsGXc:semantic_cosine_wp240_v1:0"",""6LOwPhPDwVc:semantic_cosine_wp240_v1:77""]","[0.45026976,0.4196167,0.40323442,0.3892127,0.35478374,0.35360771,0.34288538,0.3417058,0.3403247,0.34014621]","[true,true,false,true,false,false,false,false,false,true]"
mit60001_rerank_46564f781c27d679,cross_encoder_ms_marco_minilm_l6_v2,mit60001-q-001,50,1,1.0,43,cross_encoder_raw_logit,"[""nykOeWgQcHM:semantic_cosine_wp240_v1:6"",""nykOeWgQcHM:semantic_cosine_wp240_v1:5"",""nykOeWgQcHM:semantic_cosine_wp240_v1:3""]","[-6.57091236,-7.83222437,-8.66965675]","[true,true,true]","[""nykOeWgQcHM:semantic_cosine_wp240_v1:6"",""nykOeWgQcHM:semantic_cosine_wp240_v1:5"",""nykOeWgQcHM:semantic_cosine_wp240_v1:3"",""SE4P7IVCunE:semantic_cosine_wp240_v1:28"",""RvRKT-jXvko:semantic_cosine_wp240_v1:0"",""nykOeWgQcHM:semantic_cosine_wp240_v1:7"",""nykOeWgQcHM:semantic_cosine_wp240_v1:8"",""FlGjISF3l78:semantic_cosine_wp240_v1:45"",""nykOeWgQcHM:semantic_cosine_wp240_v1:12"",""WPSeyjX1-4s:semantic_cosine_wp240_v1:57""]","[-6.57091236,-7.83222437,-8.66965675,-8.75823879,-9.3701973,-9.62174988,-10.01738548,-10.05343437,-10.0938797,-10.29194164]","[true,true,true,false,false,false,false,false,false,false]"
mit60001_rerank_46564f781c27d679,dense_baseline_v1,mit60001-q-002,50,4,0.25,4,dense_cosine,"[""nykOeWgQcHM:semantic_cosine_wp240_v1:7"",""nykOeWgQcHM:semantic_cosine_wp240_v1:6"",""nykOeWgQcHM:semantic_cosine_wp240_v1:5""]","[0.63967401,0.60229814,0.57399601]","[false,false,false]","[""nykOeWgQcHM:semantic_cosine_wp240_v1:7"",""nykOeWgQcHM:semantic_cosine_wp240_v1:6"",""nykOeWgQcHM:semantic_cosine_wp240_v1:5"",""nykOeWgQcHM:semantic_cosine_wp240_v1:3"",""nykOeWgQcHM:semantic_cosine_wp240_v1:8"",""nykOeWgQcHM:semantic_cosine_wp240_v1:4"",""nykOeWgQcHM:semantic_cosine_wp240_v1:2"",""-DP1i2ZU9gk:semantic_cosine_wp240_v1:0"",""MjbuarJ7SE0:semantic_cosine_wp240_v1:5"",""MjbuarJ7SE0:semantic_cosine_wp240_v1:24""]","[0.63967401,0.60229814,0.57399601,0.5258621,0.51018894,0.4597114,0.44794807,0.4353157,0.42804447,0.41043955]","[false,false,false,true,false,true,false,false,false,false]"
mit60001_rerank_46564f781c27d679,cross_encoder_ms_marco_minilm_l6_v2,mit60001-q-002,50,1,1.0,2,cross_encoder_raw_logit,"[""nykOeWgQcHM:semantic_cosine_wp240_v1:4"",""nykOeWgQcHM:semantic_cosine_wp240_v1:3"",""nykOeWgQcHM:semantic_cosine_wp240_v1:5""]","[0.29219538,-1.25902653,-1.30519164]","[true,true,false]","[""nykOeWgQcHM:semantic_cosine_wp240_v1:4"",""nykOeWgQcHM:semantic_cosine_wp240_v1:3"",""nykOeWgQcHM:semantic_cosine_wp240_v1:5"",""nykOeWgQcHM:semantic_cosine_wp240_v1:6"",""nykOeWgQcHM:semantic_cosine_wp240_v1:7"",""MjbuarJ7SE0:semantic_cosine_wp240_v1:5"",""FlGjISF3l78:semantic_cosine_wp240_v1:1"",""0jljZRnHwOI:semantic_cosine_wp240_v1:24"",""0jljZRnHwOI:semantic_cosine_wp240_v1:1"",""9H6muyZjms0:semantic_cosine_wp240_v1:6""]","[0.29219538,-1.25902653,-1.30519164,-1.33584249,-2.56643295,-5.67261887,-6.52405262,-6.94816208,-7.02301025,-7.07381296]","[true,true,false,false,false,false,false,false,false,false]"
mit60001_rerank_46564f781c27d679,dense_baseline_v1,mit60001-q-003,50,1,1.0,1,dense_cosine,"[""MjbuarJ7SE0:semantic_cosine_wp240_v1:41"",""MjbuarJ7SE0:semantic_cosine_wp240_v1:21"",""MjbuarJ7SE0:semantic_cosine_wp240_v1:42""]","[0.74052978,0.62330055,0.62177235]","[true,false,true]","[""MjbuarJ7SE0:semantic_cosine_wp240_v1:41"",""MjbuarJ7SE0:semantic_cosine_wp240_v1:21"",""MjbuarJ7SE0:semantic_cosine_wp240_v1:42"",""MjbuarJ7SE0:semantic_cosine_wp240_v1:51"",""MjbuarJ7SE0:semantic_cosine_wp240_v1:50"",""MjbuarJ7SE0:semantic_cosine_wp240_v1:25"",""MjbuarJ7SE0:semantic_cosine_wp240_v1:36"",""WPSeyjX1-4s:semantic_cosine_wp240_v1:17"",""FlGjISF3l78:semantic_cosine_wp240_v1:4"",""MjbuarJ7SE0:semantic_cosine_wp240_v1:43""]","[0.74052978,0.62330055,0.62177235,0.60432994,0.59179282,0.59100914,0.5889492,0.58161163,0.57704747,0.57416046]","[true,false,true,false,false,false,false,false,false,false]"
mit60001_rerank_46564f781c27d679,cross_encoder_ms_marco_minilm_l6_v2,mit60001-q-003,50,1,1.0,1,cross_encoder_raw_logit,"[""MjbuarJ7SE0:semantic_cosine_wp240_v1:42"",""MjbuarJ7SE0:semantic_cosine_wp240_v1:43"",""0jljZRnHwOI:semantic_cosine_wp240_v1:4""]","[5.63060617,4.49215508,4.31819534]","[true,false,false]","[""MjbuarJ7SE0:semantic_cosine_wp240_v1:42"",""MjbuarJ7SE0:semantic_cosine_wp240_v1:43"",""0jljZRnHwOI:semantic_cosine_wp240_v1:4"",""MjbuarJ7SE0:semantic_cosine_wp240_v1:25"",""MjbuarJ7SE0:semantic_cosine_wp240_v1:41"",""nykOeWgQcHM:semantic_cosine_wp240_v1:50"",""0jljZRnHwOI:semantic_cosine_wp240_v1:45"",""MjbuarJ7SE0:semantic_cosine_wp240_v1:51"",""WPSeyjX1-4s:semantic_cosine_wp240_v1:17"",""0jljZRnHwOI:semantic_cosine_wp240_v1:3""]","[5.63060617,4.49215508,4.31819534,3.86651516,3.53837585,3.29591632,2.36849356,1.67366338,1.35539925,1.31105149]","[true,false,false,false,true,false,false,false,false,false]"
mit60001_rerank_46564f781c27d679,dense_baseline_v1,mit60001-q-004,50,17,0.058823529,17,dense_cosine,"[""nykOeWgQcHM:semantic_cosine_wp240_v1:53"",""0jljZRnHwOI:semantic_cosine_wp240_v1:31"",""0jljZRnHwOI:semantic_cosine_wp240_v1:32""]","[0.6762619,0.62427723,0.59967524]","[false,false,false]","[""nykOeWgQcHM:semantic_cosine_wp240_v1:53"",""0jljZRnHwOI:semantic_cosine_wp240_v1:31"",""0jljZRnHwOI:semantic_cosine_wp240_v1:32"",""MjbuarJ7SE0:semantic_cosine_wp240_v1:42"",""RvRKT-jXvko:semantic_cosine_wp240_v1:25"",""RvRKT-jXvko:semantic_cosine_wp240_v1:24"",""-DP1i2ZU9gk:semantic_cosine_wp240_v1:35"",""RvRKT-jXvko:semantic_cosine_wp240_v1:8"",""0jljZRnHwOI:semantic_cosine_wp240_v1:37"",""0jljZRnHwOI:semantic_cosine_wp240_v1:3""]","[0.6762619,0.62427723,0.59967524,0.57684958,0.55748808,0.54102939,0.53855306,0.53070062,0.51976907,0.51858079]","[false,false,false,false,false,false,false,false,false,false]"
mit60001_rerank_46564f781c27d679,cross_encoder_ms_marco_minilm_l6_v2,mit60001-q-004,50,2,0.5,2,cross_encoder_raw_logit,"[""0jljZRnHwOI:semantic_cosine_wp240_v1:32"",""0jljZRnHwOI:semantic_cosine_wp240_v1:18"",""0jljZRnHwOI:semantic_cosine_wp240_v1:3""]","[0.00625164,-0.47779399,-0.79088897]","[false,true,false]","[""0jljZRnHwOI:semantic_cosine_wp240_v1:32"",""0jljZRnHwOI:semantic_cosine_wp240_v1:18"",""0jljZRnHwOI:semantic_cosine_wp240_v1:3"",""nykOeWgQcHM:semantic_cosine_wp240_v1:53"",""RvRKT-jXvko:semantic_cosine_wp240_v1:24"",""RvRKT-jXvko:semantic_cosine_wp240_v1:25"",""-DP1i2ZU9gk:semantic_cosine_wp240_v1:16"",""MjbuarJ7SE0:semantic_cosine_wp240_v1:42"",""MjbuarJ7SE0:semantic_cosine_wp240_v1:44"",""-DP1i2ZU9gk:semantic_cosine_wp240_v1:35""]","[0.00625164,-0.47779399,-0.79088897,-0.96721387,-2.56675148,-3.10653329,-3.15026069,-3.18010378,-3.39684963,-3.47682524]","[false,true,false,false,false,false,false,false,false,false]"
mit60001_rerank_46564f781c27d679,dense_baseline_v1,mit60001-q-005,50,2,0.5,2,dense_cosine,"[""WPSeyjX1-4s:semantic_cosine_wp240_v1:33"",""WPSeyjX1-4s:semantic_cosine_wp240_v1:8"",""WPSeyjX1-4s:semantic_cosine_wp240_v1:15""]","[0.60283113,0.59281111,0.57747614]","[false,true,false]","[""WPSeyjX1-4s:semantic_cosine_wp240_v1:33"",""WPSeyjX1-4s:semantic_cosine_wp240_v1:8"",""WPSeyjX1-4s:semantic_cosine_wp240_v1:15"",""WPSeyjX1-4s:semantic_cosine_wp240_v1:41"",""WPSeyjX1-4s:semantic_cosine_wp240_v1:22"",""WPSeyjX1-4s:semantic_cosine_wp240_v1:2"",""6LOwPhPDwVc:semantic_cosine_wp240_v1:77"",""WPSeyjX1-4s:semantic_cosine_wp240_v1:7"",""7lQXYl_L28w:semantic_cosine_wp240_v1:58"",""6LOwPhPDwVc:semantic_cosine_wp240_v1:71""]","[0.60283113,0.59281111,0.57747614,0.53934956,0.50985962,0.50805682,0.48721367,0.48474431,0.47629791,0.46954829]","[false,true,false,false,false,false,false,true,false,false]"
mit60001_rerank_46564f781c27d679,cross_encoder_ms_marco_minilm_l6_v2,mit60001-q-005,50,5,0.2,5,cross_encoder_raw_logit,"[""WPSeyjX1-4s:semantic_cosine_wp240_v1:33"",""WPSeyjX1-4s:semantic_cosine_wp240_v1:15"",""WPSeyjX1-4s:semantic_cosine_wp240_v1:22""]","[1.74909759,1.30873048,1.14847791]","[false,false,false]","[""WPSeyjX1-4s:semantic_cosine_wp240_v1:33"",""WPSeyjX1-4s:semantic_cosine_wp240_v1:15"",""WPSeyjX1-4s:semantic_cosine_wp240_v1:22"",""WPSeyjX1-4s:semantic_cosine_wp240_v1:16"",""WPSeyjX1-4s:semantic_cosine_wp240_v1:8"",""WPSeyjX1-4s:semantic_cosine_wp240_v1:7"",""WPSeyjX1-4s:semantic_cosine_wp240_v1:41"",""WPSeyjX1-4s:semantic_cosine_wp240_v1:34"",""WPSeyjX1-4s:semantic_cosine_wp240_v1:45"",""6LOwPhPDwVc:semantic_cosine_wp240_v1:12""]","[1.74909759,1.30873048,1.14847791,-0.1336394,-0.14510959,-0.58413863,-0.89882457,-2.1343441,-2.61085367,-4.44020844]","[false,false,false,false,true,true,false,false,false,false]"
mit60001_rerank_46564f781c27d679,dense_baseline_v1,mit60001-q-006,50,1,1.0,1,dense_cosine,"[""o9nW0uBqvEo:semantic_cosine_wp240_v1:14"",""o9nW0uBqvEo:semantic_cosine_wp240_v1:13"",""SE4P7IVCunE:semantic_cosine_wp240_v1:28""]","[0.62421066,0.6010201,0.60051489]","[true,true,false]","[""o9nW0uBqvEo:semantic_cosine_wp240_v1:14"",""o9nW0uBqvEo:semantic_cosine_wp240_v1:13"",""SE4P7IVCunE:semantic_cosine_wp240_v1:28"",""o9nW0uBqvEo:semantic_cosine_wp240_v1:10"",""o9nW0uBqvEo:semantic_cosine_wp240_v1:12"",""7lQXYl_L28w:semantic_cosine_wp240_v1:11"",""o9nW0uBqvEo:semantic_cosine_wp240_v1:19"",""7lQXYl_L28w:semantic_cosine_wp240_v1:81"",""7lQXYl_L28w:semantic_cosine_wp240_v1:37"",""6LOwPhPDwVc:semantic_cosine_wp240_v1:0""]","[0.62421066,0.6010201,0.60051489,0.59497017,0.58645076,0.54432809,0.53716224,0.53459287,0.53203529,0.52620655]","[true,true,false,false,false,false,false,false,false,false]"
mit60001_rerank_46564f781c27d679,cross_encoder_ms_marco_minilm_l6_v2,mit60001-q-006,50,3,0.333333333,3,cross_encoder_raw_logit,"[""o9nW0uBqvEo:semantic_cosine_wp240_v1:12"",""7lQXYl_L28w:semantic_cosine_wp240_v1:3"",""o9nW0uBqvEo:semantic_cosine_wp240_v1:13""]","[2.03564644,1.75257802,0.93600929]","[false,false,true]","[""o9nW0uBqvEo:semantic_cosine_wp240_v1:12"",""7lQXYl_L28w:semantic_cosine_wp240_v1:3"",""o9nW0uBqvEo:semantic_cosine_wp240_v1:13"",""o9nW0uBqvEo:semantic_cosine_wp240_v1:2"",""o9nW0uBqvEo:semantic_cosine_wp240_v1:10"",""o9nW0uBqvEo:semantic_cosine_wp240_v1:14"",""7lQXYl_L28w:semantic_cosine_wp240_v1:81"",""o9nW0uBqvEo:semantic_cosine_wp240_v1:19"",""o9nW0uBqvEo:semantic_cosine_wp240_v1:30"",""WPSeyjX1-4s:semantic_cosine_wp240_v1:25""]","[2.03564644,1.75257802,0.93600929,0.78009999,0.32396466,-0.03209971,-0.25136054,-0.98597288,-2.94595575,-3.70360231]","[false,false,true,false,false,true,false,false,false,false]"
mit60001_rerank_46564f781c27d679,dense_baseline_v1,mit60001-q-007,50,6,0.166666667,6,dense_cosine,"[""nykOeWgQcHM:semantic_cosine_wp240_v1:53"",""WPSeyjX1-4s:semantic_cosine_wp240_v1:17"",""nykOeWgQcHM:semantic_cosine_wp240_v1:54""]","[0.5289821,0.50988829,0.48390615]","[false,false,false]","[""nykOeWgQcHM:semantic_cosine_wp240_v1:53"",""WPSeyjX1-4s:semantic_cosine_wp240_v1:17"",""nykOeWgQcHM:semantic_cosine_wp240_v1:54"",""2__KumJsGXc:semantic_cosine_wp240_v1:1"",""MjbuarJ7SE0:semantic_cosine_wp240_v1:42"",""nykOeWgQcHM:semantic_cosine_wp240_v1:49"",""RvRKT-jXvko:semantic_cosine_wp240_v1:25"",""MjbuarJ7SE0:semantic_cosine_wp240_v1:41"",""MjbuarJ7SE0:semantic_cosine_wp240_v1:50"",""nykOeWgQcHM:semantic_cosine_wp240_v1:51""]","[0.5289821,0.50988829,0.48390615,0.44785899,0.44680604,0.44353664,0.43961686,0.43480277,0.43388814,0.43332437]","[false,false,false,false,false,true,false,false,false,false]"
mit60001_rerank_46564f781c27d679,cross_encoder_ms_marco_minilm_l6_v2,mit60001-q-007,50,1,1.0,1,cross_encoder_raw_logit,"[""nykOeWgQcHM:semantic_cosine_wp240_v1:49"",""nykOeWgQcHM:semantic_cosine_wp240_v1:53"",""nykOeWgQcHM:semantic_cosine_wp240_v1:50""]","[1.83850574,1.71948946,0.91236794]","[true,false,false]","[""nykOeWgQcHM:semantic_cosine_wp240_v1:49"",""nykOeWgQcHM:semantic_cosine_wp240_v1:53"",""nykOeWgQcHM:semantic_cosine_wp240_v1:50"",""WPSeyjX1-4s:semantic_cosine_wp240_v1:17"",""WPSeyjX1-4s:semantic_cosine_wp240_v1:18"",""nykOeWgQcHM:semantic_cosine_wp240_v1:55"",""nykOeWgQcHM:semantic_cosine_wp240_v1:54"",""0jljZRnHwOI:semantic_cosine_wp240_v1:3"",""MjbuarJ7SE0:semantic_cosine_wp240_v1:20"",""nykOeWgQcHM:semantic_cosine_wp240_v1:46""]","[1.83850574,1.71948946,0.91236794,-1.48204768,-1.90350175,-2.28380251,-2.83048391,-3.562994,-4.51419544,-5.1437192]","[true,false,false,false,false,false,false,false,false,false]"
mit60001_rerank_46564f781c27d679,dense_baseline_v1,mit60001-q-008,50,2,0.5,22,dense_cosine,"[""MjbuarJ7SE0:semantic_cosine_wp240_v1:41"",""nykOeWgQcHM:semantic_cosine_wp240_v1:55"",""FlGjISF3l78:semantic_cosine_wp240_v1:57""]","[0.50850785,0.50183249,0.50179362]","[false,true,false]","[""MjbuarJ7SE0:semantic_cosine_wp240_v1:41"",""nykOeWgQcHM:semantic_cosine_wp240_v1:55"",""FlGjISF3l78:semantic_cosine_wp240_v1:57"",""SE4P7IVCunE:semantic_cosine_wp240_v1:16"",""RvRKT-jXvko:semantic_cosine_wp240_v1:49"",""0jljZRnHwOI:semantic_cosine_wp240_v1:4"",""FlGjISF3l78:semantic_cosine_wp240_v1:55"",""FlGjISF3l78:semantic_cosine_wp240_v1:26"",""MjbuarJ7SE0:semantic_cosine_wp240_v1:52"",""MjbuarJ7SE0:semantic_cosine_wp240_v1:53""]","[0.50850785,0.50183249,0.50179362,0.48385242,0.45788276,0.44830441,0.43329811,0.42991012,0.42501003,0.41892242]","[false,true,false,false,false,false,false,false,false,false]"
mit60001_rerank_46564f781c27d679,cross_encoder_ms_marco_minilm_l6_v2,mit60001-q-008,50,2,0.5,19,cross_encoder_raw_logit,"[""nykOeWgQcHM:semantic_cosine_wp240_v1:53"",""nykOeWgQcHM:semantic_cosine_wp240_v1:55"",""RvRKT-jXvko:semantic_cosine_wp240_v1:25""]","[-0.85764563,-3.42527103,-3.59140825]","[false,true,false]","[""nykOeWgQcHM:semantic_cosine_wp240_v1:53"",""nykOeWgQcHM:semantic_cosine_wp240_v1:55"",""RvRKT-jXvko:semantic_cosine_wp240_v1:25"",""RvRKT-jXvko:semantic_cosine_wp240_v1:16"",""SE4P7IVCunE:semantic_cosine_wp240_v1:16"",""0jljZRnHwOI:semantic_cosine_wp240_v1:4"",""0jljZRnHwOI:semantic_cosine_wp240_v1:3"",""MjbuarJ7SE0:semantic_cosine_wp240_v1:42"",""MjbuarJ7SE0:semantic_cosine_wp240_v1:41"",""RvRKT-jXvko:semantic_cosine_wp240_v1:51""]","[-0.85764563,-3.42527103,-3.59140825,-4.62245369,-4.85092878,-5.55025387,-5.6311965,-5.66094875,-5.85205746,-6.32724857]","[false,true,false,false,false,false,false,false,false,false]"
mit60001_rerank_46564f781c27d679,dense_baseline_v1,mit60001-q-009,50,1,1.0,1,dense_cosine,"[""MjbuarJ7SE0:semantic_cosine_wp240_v1:41"",""MjbuarJ7SE0:semantic_cosine_wp240_v1:45"",""MjbuarJ7SE0:semantic_cosine_wp240_v1:22""]","[0.62115586,0.57884818,0.57795382]","[true,false,false]","[""MjbuarJ7SE0:semantic_cosine_wp240_v1:41"",""MjbuarJ7SE0:semantic_cosine_wp240_v1:45"",""MjbuarJ7SE0:semantic_cosine_wp240_v1:22"",""MjbuarJ7SE0:semantic_cosine_wp240_v1:19"",""MjbuarJ7SE0:semantic_cosine_wp240_v1:35"",""MjbuarJ7SE0:semantic_cosine_wp240_v1:49"",""-DP1i2ZU9gk:semantic_cosine_wp240_v1:27"",""-DP1i2ZU9gk:semantic_cosine_wp240_v1:21"",""MjbuarJ7SE0:semantic_cosine_wp240_v1:23"",""MjbuarJ7SE0:semantic_cosine_wp240_v1:24""]","[0.62115586,0.57884818,0.57795382,0.55144298,0.54616266,0.54391038,0.52360511,0.5203445,0.50615644,0.50489253]","[true,false,false,false,false,false,false,false,false,false]"
mit60001_rerank_46564f781c27d679,cross_encoder_ms_marco_minilm_l6_v2,mit60001-q-009,50,18,0.055555556,18,cross_encoder_raw_logit,"[""MjbuarJ7SE0:semantic_cosine_wp240_v1:49"",""MjbuarJ7SE0:semantic_cosine_wp240_v1:27"",""MjbuarJ7SE0:semantic_cosine_wp240_v1:23""]","[-1.29436517,-1.45912397,-3.18477082]","[false,false,false]","[""MjbuarJ7SE0:semantic_cosine_wp240_v1:49"",""MjbuarJ7SE0:semantic_cosine_wp240_v1:27"",""MjbuarJ7SE0:semantic_cosine_wp240_v1:23"",""QaOHeMnpnmU:semantic_cosine_wp240_v1:1"",""MjbuarJ7SE0:semantic_cosine_wp240_v1:51"",""QaOHeMnpnmU:semantic_cosine_wp240_v1:2"",""MjbuarJ7SE0:semantic_cosine_wp240_v1:25"",""MjbuarJ7SE0:semantic_cosine_wp240_v1:22"",""MjbuarJ7SE0:semantic_cosine_wp240_v1:19"",""MjbuarJ7SE0:semantic_cosine_wp240_v1:45""]","[-1.29436517,-1.45912397,-3.18477082,-3.31051874,-3.3637774,-3.99871778,-4.38165283,-4.74258471,-5.56923342,-5.75337029]","[false,false,false,false,false,false,false,false,false,false]"
mit60001_rerank_46564f781c27d679,dense_baseline_v1,mit60001-q-010,50,12,0.083333333,12,dense_cosine,"[""RvRKT-jXvko:semantic_cosine_wp240_v1:2"",""RvRKT-jXvko:semantic_cosine_wp240_v1:48"",""RvRKT-jXvko:semantic_cosine_wp240_v1:43""]","[0.56604707,0.53874242,0.52488363]","[false,false,false]","[""RvRKT-jXvko:semantic_cosine_wp240_v1:2"",""RvRKT-jXvko:semantic_cosine_wp240_v1:48"",""RvRKT-jXvko:semantic_cosine_wp240_v1:43"",""RvRKT-jXvko:semantic_cosine_wp240_v1:44"",""WPSeyjX1-4s:semantic_cosine_wp240_v1:1"",""RvRKT-jXvko:semantic_cosine_wp240_v1:24"",""-DP1i2ZU9gk:semantic_cosine_wp240_v1:6"",""WPSeyjX1-4s:semantic_cosine_wp240_v1:65"",""-DP1i2ZU9gk:semantic_cosine_wp240_v1:3"",""SE4P7IVCunE:semantic_cosine_wp240_v1:13""]","[0.56604707,0.53874242,0.52488363,0.4447428,0.43061721,0.40145403,0.38420266,0.38302183,0.37517944,0.36922339]","[false,false,false,false,false,false,false,false,false,false]"
mit60001_rerank_46564f781c27d679,cross_encoder_ms_marco_minilm_l6_v2,mit60001-q-010,50,2,0.5,2,cross_encoder_raw_logit,"[""WPSeyjX1-4s:semantic_cosine_wp240_v1:1"",""RvRKT-jXvko:semantic_cosine_wp240_v1:21"",""WPSeyjX1-4s:semantic_cosine_wp240_v1:65""]","[3.58389568,2.49997807,0.30299753]","[false,true,false]","[""WPSeyjX1-4s:semantic_cosine_wp240_v1:1"",""RvRKT-jXvko:semantic_cosine_wp240_v1:21"",""WPSeyjX1-4s:semantic_cosine_wp240_v1:65"",""RvRKT-jXvko:semantic_cosine_wp240_v1:48"",""RvRKT-jXvko:semantic_cosine_wp240_v1:43"",""RvRKT-jXvko:semantic_cosine_wp240_v1:24"",""SE4P7IVCunE:semantic_cosine_wp240_v1:13"",""o9nW0uBqvEo:semantic_cosine_wp240_v1:1"",""RvRKT-jXvko:semantic_cosine_wp240_v1:2"",""SE4P7IVCunE:semantic_cosine_wp240_v1:16""]","[3.58389568,2.49997807,0.30299753,0.09036084,-0.3855916,-0.52096796,-2.16566706,-2.60173941,-4.50529957,-5.00202751]","[false,true,false,false,false,false,false,false,false,false]"
mit60001_rerank_46564f781c27d679,dense_baseline_v1,mit60001-q-014,50,30,0.033333333,30,dense_cosine,"[""-DP1i2ZU9gk:semantic_cosine_wp240_v1:7"",""WPSeyjX1-4s:semantic_cosine_wp240_v1:70"",""RvRKT-jXvko:semantic_cosine_wp240_v1:24""]","[0.6275661,0.62366724,0.58087552]","[false,false,false]","[""-DP1i2ZU9gk:semantic_cosine_wp240_v1:7"",""WPSeyjX1-4s:semantic_cosine_wp240_v1:70"",""RvRKT-jXvko:semantic_cosine_wp240_v1:24"",""WPSeyjX1-4s:semantic_cosine_wp240_v1:59"",""-DP1i2ZU9gk:semantic_cosine_wp240_v1:2"",""-DP1i2ZU9gk:semantic_cosine_wp240_v1:35"",""WPSeyjX1-4s:semantic_cosine_wp240_v1:64"",""-DP1i2ZU9gk:semantic_cosine_wp240_v1:8"",""RvRKT-jXvko:semantic_cosine_wp240_v1:43"",""7lQXYl_L28w:semantic_cosine_wp240_v1:84""]","[0.6275661,0.62366724,0.58087552,0.57847297,0.5774489,0.57150763,0.56315696,0.53834504,0.53326559,0.52786136]","[false,false,false,false,false,false,false,false,false,false]"
mit60001_rerank_46564f781c27d679,cross_encoder_ms_marco_minilm_l6_v2,mit60001-q-014,50,32,0.03125,32,cross_encoder_raw_logit,"[""RvRKT-jXvko:semantic_cosine_wp240_v1:24"",""-DP1i2ZU9gk:semantic_cosine_wp240_v1:7"",""-DP1i2ZU9gk:semantic_cosine_wp240_v1:2""]","[0.47861189,-0.3545323,-0.57854044]","[false,false,false]","[""RvRKT-jXvko:semantic_cosine_wp240_v1:24"",""-DP1i2ZU9gk:semantic_cosine_wp240_v1:7"",""-DP1i2ZU9gk:semantic_cosine_wp240_v1:2"",""RvRKT-jXvko:semantic_cosine_wp240_v1:43"",""WPSeyjX1-4s:semantic_cosine_wp240_v1:70"",""o9nW0uBqvEo:semantic_cosine_wp240_v1:66"",""-DP1i2ZU9gk:semantic_cosine_wp240_v1:8"",""RvRKT-jXvko:semantic_cosine_wp240_v1:48"",""nykOeWgQcHM:semantic_cosine_wp240_v1:42"",""RvRKT-jXvko:semantic_cosine_wp240_v1:26""]","[0.47861189,-0.3545323,-0.57854044,-0.71306431,-0.81516623,-1.43226945,-1.52201247,-1.80282295,-1.91511059,-1.93169844]","[false,false,false,false,false,false,false,false,false,false]"
mit60001_rerank_46564f781c27d679,dense_baseline_v1,mit60001-q-015,50,1,1.0,1,dense_cosine,"[""nykOeWgQcHM:semantic_cosine_wp240_v1:39"",""nykOeWgQcHM:semantic_cosine_wp240_v1:46"",""nykOeWgQcHM:semantic_cosine_wp240_v1:44""]","[0.47426686,0.41030094,0.34014827]","[true,false,false]","[""nykOeWgQcHM:semantic_cosine_wp240_v1:39"",""nykOeWgQcHM:semantic_cosine_wp240_v1:46"",""nykOeWgQcHM:semantic_cosine_wp240_v1:44"",""nykOeWgQcHM:semantic_cosine_wp240_v1:7"",""WPSeyjX1-4s:semantic_cosine_wp240_v1:25"",""9H6muyZjms0:semantic_cosine_wp240_v1:30"",""o9nW0uBqvEo:semantic_cosine_wp240_v1:5"",""nykOeWgQcHM:semantic_cosine_wp240_v1:6"",""Y6J8I056Ffw:semantic_cosine_wp240_v1:0"",""-DP1i2ZU9gk:semantic_cosine_wp240_v1:13""]","[0.47426686,0.41030094,0.34014827,0.33436307,0.32796788,0.31255776,0.31245953,0.30965593,0.30283046,0.30116498]","[true,false,false,false,false,false,false,false,false,false]"
mit60001_rerank_46564f781c27d679,cross_encoder_ms_marco_minilm_l6_v2,mit60001-q-015,50,2,0.5,2,cross_encoder_raw_logit,"[""nykOeWgQcHM:semantic_cosine_wp240_v1:44"",""nykOeWgQcHM:semantic_cosine_wp240_v1:39"",""Y6J8I056Ffw:semantic_cosine_wp240_v1:0""]","[-3.29277372,-6.09605217,-6.55868435]","[false,true,false]","[""nykOeWgQcHM:semantic_cosine_wp240_v1:44"",""nykOeWgQcHM:semantic_cosine_wp240_v1:39"",""Y6J8I056Ffw:semantic_cosine_wp240_v1:0"",""nykOeWgQcHM:semantic_cosine_wp240_v1:46"",""nykOeWgQcHM:semantic_cosine_wp240_v1:38"",""-DP1i2ZU9gk:semantic_cosine_wp240_v1:13"",""nykOeWgQcHM:semantic_cosine_wp240_v1:7"",""MjbuarJ7SE0:semantic_cosine_wp240_v1:13"",""FlGjISF3l78:semantic_cosine_wp240_v1:3"",""0jljZRnHwOI:semantic_cosine_wp240_v1:53""]","[-3.29277372,-6.09605217,-6.55868435,-7.45696259,-8.00684261,-8.81085682,-9.37148857,-9.37974548,-9.40200615,-9.58473969]","[false,true,false,false,true,false,false,false,false,false]"
mit60001_rerank_46564f781c27d679,dense_baseline_v1,mit60001-q-016,50,1,1.0,3,dense_cosine,"[""9H6muyZjms0:semantic_cosine_wp240_v1:51"",""9H6muyZjms0:semantic_cosine_wp240_v1:49"",""9H6muyZjms0:semantic_cosine_wp240_v1:52""]","[0.69846094,0.6309005,0.56945908]","[true,true,true]","[""9H6muyZjms0:semantic_cosine_wp240_v1:51"",""9H6muyZjms0:semantic_cosine_wp240_v1:49"",""9H6muyZjms0:semantic_cosine_wp240_v1:52"",""9H6muyZjms0:semantic_cosine_wp240_v1:50"",""nykOeWgQcHM:semantic_cosine_wp240_v1:25"",""0jljZRnHwOI:semantic_cosine_wp240_v1:29"",""WPSeyjX1-4s:semantic_cosine_wp240_v1:17"",""9H6muyZjms0:semantic_cosine_wp240_v1:31"",""0jljZRnHwOI:semantic_cosine_wp240_v1:25"",""4WtaFLayz_w:semantic_cosine_wp240_v1:6""]","[0.69846094,0.6309005,0.56945908,0.54555351,0.51883769,0.49496073,0.46321169,0.46150422,0.45665535,0.45483625]","[true,true,true,true,false,false,false,false,false,false]"
mit60001_rerank_46564f781c27d679,cross_encoder_ms_marco_minilm_l6_v2,mit60001-q-016,50,1,1.0,4,cross_encoder_raw_logit,"[""9H6muyZjms0:semantic_cosine_wp240_v1:51"",""9H6muyZjms0:semantic_cosine_wp240_v1:49"",""9H6muyZjms0:semantic_cosine_wp240_v1:50""]","[0.27301151,-1.48237813,-3.32298517]","[true,true,true]","[""9H6muyZjms0:semantic_cosine_wp240_v1:51"",""9H6muyZjms0:semantic_cosine_wp240_v1:49"",""9H6muyZjms0:semantic_cosine_wp240_v1:50"",""9H6muyZjms0:semantic_cosine_wp240_v1:52"",""9H6muyZjms0:semantic_cosine_wp240_v1:31"",""0jljZRnHwOI:semantic_cosine_wp240_v1:25"",""nykOeWgQcHM:semantic_cosine_wp240_v1:35"",""0jljZRnHwOI:semantic_cosine_wp240_v1:29"",""9H6muyZjms0:semantic_cosine_wp240_v1:11"",""9H6muyZjms0:semantic_cosine_wp240_v1:12""]","[0.27301151,-1.48237813,-3.32298517,-4.77932835,-5.67011642,-5.96747684,-6.73238659,-6.94145489,-7.63317585,-7.73679352]","[true,true,true,true,false,false,false,false,false,false]"
mit60001_rerank_46564f781c27d679,dense_baseline_v1,mit60001-q-017,50,3,0.333333333,5,dense_cosine,"[""9H6muyZjms0:semantic_cosine_wp240_v1:31"",""9H6muyZjms0:semantic_cosine_wp240_v1:37"",""9H6muyZjms0:semantic_cosine_wp240_v1:41""]","[0.64614534,0.49541238,0.46571487]","[false,false,true]","[""9H6muyZjms0:semantic_cosine_wp240_v1:31"",""9H6muyZjms0:semantic_cosine_wp240_v1:37"",""9H6muyZjms0:semantic_cosine_wp240_v1:41"",""9H6muyZjms0:semantic_cosine_wp240_v1:32"",""9H6muyZjms0:semantic_cosine_wp240_v1:35"",""9H6muyZjms0:semantic_cosine_wp240_v1:38"",""9H6muyZjms0:semantic_cosine_wp240_v1:33"",""nykOeWgQcHM:semantic_cosine_wp240_v1:8"",""9H6muyZjms0:semantic_cosine_wp240_v1:49"",""9H6muyZjms0:semantic_cosine_wp240_v1:50""]","[0.64614534,0.49541238,0.46571487,0.4619723,0.46154773,0.43301329,0.38316101,0.3749021,0.37460703,0.37389523]","[false,false,true,false,true,false,false,false,false,false]"
mit60001_rerank_46564f781c27d679,cross_encoder_ms_marco_minilm_l6_v2,mit60001-q-017,50,3,0.333333333,4,cross_encoder_raw_logit,"[""9H6muyZjms0:semantic_cosine_wp240_v1:31"",""9H6muyZjms0:semantic_cosine_wp240_v1:32"",""9H6muyZjms0:semantic_cosine_wp240_v1:35""]","[-0.84704834,-4.21985102,-4.73677874]","[false,false,true]","[""9H6muyZjms0:semantic_cosine_wp240_v1:31"",""9H6muyZjms0:semantic_cosine_wp240_v1:32"",""9H6muyZjms0:semantic_cosine_wp240_v1:35"",""9H6muyZjms0:semantic_cosine_wp240_v1:41"",""9H6muyZjms0:semantic_cosine_wp240_v1:37"",""9H6muyZjms0:semantic_cosine_wp240_v1:49"",""nykOeWgQcHM:semantic_cosine_wp240_v1:35"",""9H6muyZjms0:semantic_cosine_wp240_v1:38"",""9H6muyZjms0:semantic_cosine_wp240_v1:50"",""9H6muyZjms0:semantic_cosine_wp240_v1:51""]","[-0.84704834,-4.21985102,-4.73677874,-5.41008568,-8.60040665,-8.69025421,-9.04414654,-9.36447334,-9.56903648,-10.10608864]","[false,false,true,true,false,false,false,false,false,false]"
mit60001_rerank_46564f781c27d679,dense_baseline_v1,mit60001-q-018,50,2,0.5,2,dense_cosine,"[""9H6muyZjms0:semantic_cosine_wp240_v1:15"",""9H6muyZjms0:semantic_cosine_wp240_v1:13"",""9H6muyZjms0:semantic_cosine_wp240_v1:14""]","[0.57653445,0.51639974,0.44266474]","[false,true,false]","[""9H6muyZjms0:semantic_cosine_wp240_v1:15"",""9H6muyZjms0:semantic_cosine_wp240_v1:13"",""9H6muyZjms0:semantic_cosine_wp240_v1:14"",""nykOeWgQcHM:semantic_cosine_wp240_v1:25"",""9H6muyZjms0:semantic_cosine_wp240_v1:9"",""9H6muyZjms0:semantic_cosine_wp240_v1:0"",""9H6muyZjms0:semantic_cosine_wp240_v1:49"",""nykOeWgQcHM:semantic_cosine_wp240_v1:5"",""9H6muyZjms0:semantic_cosine_wp240_v1:11"",""9H6muyZjms0:semantic_cosine_wp240_v1:17""]","[0.57653445,0.51639974,0.44266474,0.37776184,0.37523043,0.37416595,0.34689003,0.34272298,0.34247154,0.33572695]","[false,true,false,false,false,false,false,false,false,false]"
mit60001_rerank_46564f781c27d679,cross_encoder_ms_marco_minilm_l6_v2,mit60001-q-018,50,1,1.0,1,cross_encoder_raw_logit,"[""9H6muyZjms0:semantic_cosine_wp240_v1:13"",""9H6muyZjms0:semantic_cosine_wp240_v1:15"",""9H6muyZjms0:semantic_cosine_wp240_v1:14""]","[1.61451769,1.50720143,1.09222317]","[true,false,false]","[""9H6muyZjms0:semantic_cosine_wp240_v1:13"",""9H6muyZjms0:semantic_cosine_wp240_v1:15"",""9H6muyZjms0:semantic_cosine_wp240_v1:14"",""9H6muyZjms0:semantic_cosine_wp240_v1:16"",""9H6muyZjms0:semantic_cosine_wp240_v1:17"",""MjbuarJ7SE0:semantic_cosine_wp240_v1:8"",""9H6muyZjms0:semantic_cosine_wp240_v1:11"",""9H6muyZjms0:semantic_cosine_wp240_v1:12"",""9H6muyZjms0:semantic_cosine_wp240_v1:31"",""9H6muyZjms0:semantic_cosine_wp240_v1:10""]","[1.61451769,1.50720143,1.09222317,-6.42078209,-7.09529352,-8.46074677,-8.64959335,-9.04960251,-9.07497406,-9.50753784]","[true,false,false,false,false,false,false,true,false,false]"
mit60001_rerank_46564f781c27d679,dense_baseline_v1,mit60001-q-019,50,1,1.0,1,dense_cosine,"[""6LOwPhPDwVc:semantic_cosine_wp240_v1:2"",""SE4P7IVCunE:semantic_cosine_wp240_v1:53"",""7lQXYl_L28w:semantic_cosine_wp240_v1:13""]","[0.71012068,0.70699447,0.67726964]","[true,false,false]","[""6LOwPhPDwVc:semantic_cosine_wp240_v1:2"",""SE4P7IVCunE:semantic_cosine_wp240_v1:53"",""7lQXYl_L28w:semantic_cosine_wp240_v1:13"",""SE4P7IVCunE:semantic_cosine_wp240_v1:52"",""SE4P7IVCunE:semantic_cosine_wp240_v1:29"",""SE4P7IVCunE:semantic_cosine_wp240_v1:47"",""6LOwPhPDwVc:semantic_cosine_wp240_v1:3"",""6LOwPhPDwVc:semantic_cosine_wp240_v1:4"",""6LOwPhPDwVc:semantic_cosine_wp240_v1:8"",""SE4P7IVCunE:semantic_cosine_wp240_v1:54""]","[0.71012068,0.70699447,0.67726964,0.59924686,0.53084648,0.47611514,0.45891234,0.43748939,0.43558595,0.42731762]","[true,false,false,false,false,false,false,false,false,false]"
mit60001_rerank_46564f781c27d679,cross_encoder_ms_marco_minilm_l6_v2,mit60001-q-019,50,4,0.25,4,cross_encoder_raw_logit,"[""7lQXYl_L28w:semantic_cosine_wp240_v1:13"",""SE4P7IVCunE:semantic_cosine_wp240_v1:52"",""SE4P7IVCunE:semantic_cosine_wp240_v1:53""]","[0.87603539,0.20355201,-0.09757069]","[false,false,false]","[""7lQXYl_L28w:semantic_cosine_wp240_v1:13"",""SE4P7IVCunE:semantic_cosine_wp240_v1:52"",""SE4P7IVCunE:semantic_cosine_wp240_v1:53"",""6LOwPhPDwVc:semantic_cosine_wp240_v1:2"",""SE4P7IVCunE:semantic_cosine_wp240_v1:29"",""7lQXYl_L28w:semantic_cosine_wp240_v1:22"",""6LOwPhPDwVc:semantic_cosine_wp240_v1:8"",""6LOwPhPDwVc:semantic_cosine_wp240_v1:4"",""SE4P7IVCunE:semantic_cosine_wp240_v1:47"",""o9nW0uBqvEo:semantic_cosine_wp240_v1:1""]","[0.87603539,0.20355201,-0.09757069,-0.25774109,-0.57166719,-1.08593869,-1.21158981,-1.6712172,-2.19979692,-2.20977902]","[false,false,false,true,false,false,false,false,false,false]"
mit60001_rerank_46564f781c27d679,dense_baseline_v1,mit60001-q-020,50,1,1.0,3,dense_cosine,"[""SE4P7IVCunE:semantic_cosine_wp240_v1:4"",""SE4P7IVCunE:semantic_cosine_wp240_v1:12"",""SE4P7IVCunE:semantic_cosine_wp240_v1:9""]","[0.60923719,0.56077111,0.55726361]","[true,false,true]","[""SE4P7IVCunE:semantic_cosine_wp240_v1:4"",""SE4P7IVCunE:semantic_cosine_wp240_v1:12"",""SE4P7IVCunE:semantic_cosine_wp240_v1:9"",""SE4P7IVCunE:semantic_cosine_wp240_v1:3"",""SE4P7IVCunE:semantic_cosine_wp240_v1:10"",""SE4P7IVCunE:semantic_cosine_wp240_v1:5"",""SE4P7IVCunE:semantic_cosine_wp240_v1:6"",""SE4P7IVCunE:semantic_cosine_wp240_v1:20"",""RvRKT-jXvko:semantic_cosine_wp240_v1:4"",""MjbuarJ7SE0:semantic_cosine_wp240_v1:1""]","[0.60923719,0.56077111,0.55726361,0.52981186,0.5234772,0.49816164,0.47897005,0.47883791,0.46703857,0.46416399]","[true,false,true,true,true,false,false,false,false,false]"
mit60001_rerank_46564f781c27d679,cross_encoder_ms_marco_minilm_l6_v2,mit60001-q-020,50,1,1.0,4,cross_encoder_raw_logit,"[""SE4P7IVCunE:semantic_cosine_wp240_v1:9"",""RvRKT-jXvko:semantic_cosine_wp240_v1:23"",""SE4P7IVCunE:semantic_cosine_wp240_v1:10""]","[1.86863542,-0.88329631,-2.22518611]","[true,false,true]","[""SE4P7IVCunE:semantic_cosine_wp240_v1:9"",""RvRKT-jXvko:semantic_cosine_wp240_v1:23"",""SE4P7IVCunE:semantic_cosine_wp240_v1:10"",""SE4P7IVCunE:semantic_cosine_wp240_v1:4"",""MjbuarJ7SE0:semantic_cosine_wp240_v1:1"",""SE4P7IVCunE:semantic_cosine_wp240_v1:14"",""SE4P7IVCunE:semantic_cosine_wp240_v1:6"",""SE4P7IVCunE:semantic_cosine_wp240_v1:3"",""SE4P7IVCunE:semantic_cosine_wp240_v1:5"",""SE4P7IVCunE:semantic_cosine_wp240_v1:2""]","[1.86863542,-0.88329631,-2.22518611,-3.5221684,-3.91531849,-3.92660046,-4.24381876,-4.57380486,-5.07550097,-5.12305546]","[true,false,true,true,false,false,false,true,false,true]"
mit60001_rerank_46564f781c27d679,dense_baseline_v1,mit60001-q-021,50,1,1.0,1,dense_cosine,"[""0jljZRnHwOI:semantic_cosine_wp240_v1:20"",""FlGjISF3l78:semantic_cosine_wp240_v1:64"",""SE4P7IVCunE:semantic_cosine_wp240_v1:28""]","[0.59559476,0.47188708,0.4315446]","[true,false,false]","[""0jljZRnHwOI:semantic_cosine_wp240_v1:20"",""FlGjISF3l78:semantic_cosine_wp240_v1:64"",""SE4P7IVCunE:semantic_cosine_wp240_v1:28"",""9H6muyZjms0:semantic_cosine_wp240_v1:16"",""0jljZRnHwOI:semantic_cosine_wp240_v1:32"",""9H6muyZjms0:semantic_cosine_wp240_v1:18"",""9H6muyZjms0:semantic_cosine_wp240_v1:17"",""0jljZRnHwOI:semantic_cosine_wp240_v1:31"",""SE4P7IVCunE:semantic_cosine_wp240_v1:1"",""0jljZRnHwOI:semantic_cosine_wp240_v1:29""]","[0.59559476,0.47188708,0.4315446,0.42258,0.41678733,0.41439536,0.40203536,0.40056562,0.39569074,0.38659418]","[true,false,false,false,false,false,false,false,false,false]"
mit60001_rerank_46564f781c27d679,cross_encoder_ms_marco_minilm_l6_v2,mit60001-q-021,50,6,0.166666667,6,cross_encoder_raw_logit,"[""0jljZRnHwOI:semantic_cosine_wp240_v1:19"",""0jljZRnHwOI:semantic_cosine_wp240_v1:18"",""0jljZRnHwOI:semantic_cosine_wp240_v1:16""]","[-2.91571903,-3.37041497,-3.54717255]","[false,false,false]","[""0jljZRnHwOI:semantic_cosine_wp240_v1:19"",""0jljZRnHwOI:semantic_cosine_wp240_v1:18"",""0jljZRnHwOI:semantic_cosine_wp240_v1:16"",""FlGjISF3l78:semantic_cosine_wp240_v1:64"",""SE4P7IVCunE:semantic_cosine_wp240_v1:28"",""0jljZRnHwOI:semantic_cosine_wp240_v1:20"",""0jljZRnHwOI:semantic_cosine_wp240_v1:1"",""SE4P7IVCunE:semantic_cosine_wp240_v1:1"",""6LOwPhPDwVc:semantic_cosine_wp240_v1:36"",""MjbuarJ7SE0:semantic_cosine_wp240_v1:32""]","[-2.91571903,-3.37041497,-3.54717255,-3.81081748,-4.17883682,-5.2637043,-6.26430511,-7.54007721,-8.39735317,-8.44799423]","[false,false,false,false,false,true,false,false,false,false]"
mit60001_rerank_46564f781c27d679,dense_baseline_v1,mit60001-q-022,50,3,0.333333333,9,dense_cosine,"[""WPSeyjX1-4s:semantic_cosine_wp240_v1:64"",""WPSeyjX1-4s:semantic_cosine_wp240_v1:59"",""7lQXYl_L28w:semantic_cosine_wp240_v1:84""]","[0.64763308,0.63486886,0.63342452]","[false,false,true]","[""WPSeyjX1-4s:semantic_cosine_wp240_v1:64"",""WPSeyjX1-4s:semantic_cosine_wp240_v1:59"",""7lQXYl_L28w:semantic_cosine_wp240_v1:84"",""WPSeyjX1-4s:semantic_cosine_wp240_v1:65"",""WPSeyjX1-4s:semantic_cosine_wp240_v1:61"",""WPSeyjX1-4s:semantic_cosine_wp240_v1:70"",""7lQXYl_L28w:semantic_cosine_wp240_v1:85"",""WPSeyjX1-4s:semantic_cosine_wp240_v1:79"",""WPSeyjX1-4s:semantic_cosine_wp240_v1:67"",""WPSeyjX1-4s:semantic_cosine_wp240_v1:66""]","[0.64763308,0.63486886,0.63342452,0.63240063,0.6302951,0.59118927,0.57030153,0.51166457,0.50749975,0.487391]","[false,false,true,false,false,false,true,false,true,true]"
mit60001_rerank_46564f781c27d679,cross_encoder_ms_marco_minilm_l6_v2,mit60001-q-022,50,5,0.2,13,cross_encoder_raw_logit,"[""WPSeyjX1-4s:semantic_cosine_wp240_v1:65"",""WPSeyjX1-4s:semantic_cosine_wp240_v1:64"",""WPSeyjX1-4s:semantic_cosine_wp240_v1:61""]","[1.1565671,0.55604923,-0.92324162]","[false,false,false]","[""WPSeyjX1-4s:semantic_cosine_wp240_v1:65"",""WPSeyjX1-4s:semantic_cosine_wp240_v1:64"",""WPSeyjX1-4s:semantic_cosine_wp240_v1:61"",""WPSeyjX1-4s:semantic_cosine_wp240_v1:59"",""7lQXYl_L28w:semantic_cosine_wp240_v1:84"",""WPSeyjX1-4s:semantic_cosine_wp240_v1:67"",""WPSeyjX1-4s:semantic_cosine_wp240_v1:70"",""WPSeyjX1-4s:semantic_cosine_wp240_v1:62"",""WPSeyjX1-4s:semantic_cosine_wp240_v1:66"",""WPSeyjX1-4s:semantic_cosine_wp240_v1:58""]","[1.1565671,0.55604923,-0.92324162,-1.53387737,-1.54011166,-1.93276095,-2.07036543,-2.37468243,-2.67378426,-4.08554935]","[false,false,false,false,true,true,false,false,true,false]"
mit60001_rerank_46564f781c27d679,dense_baseline_v1,mit60001-q-023,50,6,0.166666667,12,dense_cosine,"[""RvRKT-jXvko:semantic_cosine_wp240_v1:0"",""MjbuarJ7SE0:semantic_cosine_wp240_v1:54"",""MjbuarJ7SE0:semantic_cosine_wp240_v1:6""]","[0.58925653,0.57602572,0.5745492]","[false,false,false]","[""RvRKT-jXvko:semantic_cosine_wp240_v1:0"",""MjbuarJ7SE0:semantic_cosine_wp240_v1:54"",""MjbuarJ7SE0:semantic_cosine_wp240_v1:6"",""nykOeWgQcHM:semantic_cosine_wp240_v1:7"",""-DP1i2ZU9gk:semantic_cosine_wp240_v1:11"",""MjbuarJ7SE0:semantic_cosine_wp240_v1:12"",""MjbuarJ7SE0:semantic_cosine_wp240_v1:13"",""nykOeWgQcHM:semantic_cosine_wp240_v1:6"",""-DP1i2ZU9gk:semantic_cosine_wp240_v1:13"",""MjbuarJ7SE0:semantic_cosine_wp240_v1:14""]","[0.58925653,0.57602572,0.5745492,0.56020552,0.53336871,0.53330469,0.53314877,0.52540088,0.52024442,0.51520902]","[false,false,false,false,false,true,false,false,false,false]"
mit60001_rerank_46564f781c27d679,cross_encoder_ms_marco_minilm_l6_v2,mit60001-q-023,50,10,0.1,26,cross_encoder_raw_logit,"[""MjbuarJ7SE0:semantic_cosine_wp240_v1:13"",""MjbuarJ7SE0:semantic_cosine_wp240_v1:6"",""MjbuarJ7SE0:semantic_cosine_wp240_v1:15""]","[1.84899426,1.55410171,0.09410627]","[false,false,false]","[""MjbuarJ7SE0:semantic_cosine_wp240_v1:13"",""MjbuarJ7SE0:semantic_cosine_wp240_v1:6"",""MjbuarJ7SE0:semantic_cosine_wp240_v1:15"",""MjbuarJ7SE0:semantic_cosine_wp240_v1:17"",""-DP1i2ZU9gk:semantic_cosine_wp240_v1:11"",""RvRKT-jXvko:semantic_cosine_wp240_v1:0"",""nykOeWgQcHM:semantic_cosine_wp240_v1:7"",""MjbuarJ7SE0:semantic_cosine_wp240_v1:54"",""9H6muyZjms0:semantic_cosine_wp240_v1:31"",""MjbuarJ7SE0:semantic_cosine_wp240_v1:12""]","[1.84899426,1.55410171,0.09410627,-0.27345428,-0.52203411,-1.05710244,-1.29437757,-1.49227488,-2.35065961,-2.44584227]","[false,false,false,false,false,false,false,false,false,true]"
mit60001_rerank_46564f781c27d679,dense_baseline_v1,mit60001-q-025,50,2,0.5,2,dense_cosine,"[""FlGjISF3l78:semantic_cosine_wp240_v1:1"",""FlGjISF3l78:semantic_cosine_wp240_v1:32"",""FlGjISF3l78:semantic_cosine_wp240_v1:7""]","[0.66098142,0.55627233,0.54861915]","[false,true,false]","[""FlGjISF3l78:semantic_cosine_wp240_v1:1"",""FlGjISF3l78:semantic_cosine_wp240_v1:32"",""FlGjISF3l78:semantic_cosine_wp240_v1:7"",""8s0d87sjy1A:semantic_cosine_wp240_v1:1"",""FlGjISF3l78:semantic_cosine_wp240_v1:38"",""-DP1i2ZU9gk:semantic_cosine_wp240_v1:0"",""FlGjISF3l78:semantic_cosine_wp240_v1:34"",""FlGjISF3l78:semantic_cosine_wp240_v1:31"",""-DP1i2ZU9gk:semantic_cosine_wp240_v1:16"",""-DP1i2ZU9gk:semantic_cosine_wp240_v1:13""]","[0.66098142,0.55627233,0.54861915,0.53997886,0.53362584,0.52785635,0.51774311,0.51185197,0.51025605,0.50881219]","[false,true,false,false,false,false,false,true,false,false]"
mit60001_rerank_46564f781c27d679,cross_encoder_ms_marco_minilm_l6_v2,mit60001-q-025,50,47,0.021276596,47,cross_encoder_raw_logit,"[""FlGjISF3l78:semantic_cosine_wp240_v1:1"",""FlGjISF3l78:semantic_cosine_wp240_v1:66"",""FlGjISF3l78:semantic_cosine_wp240_v1:28""]","[2.52403831,-2.45284009,-2.72860098]","[false,false,false]","[""FlGjISF3l78:semantic_cosine_wp240_v1:1"",""FlGjISF3l78:semantic_cosine_wp240_v1:66"",""FlGjISF3l78:semantic_cosine_wp240_v1:28"",""-DP1i2ZU9gk:semantic_cosine_wp240_v1:10"",""MjbuarJ7SE0:semantic_cosine_wp240_v1:12"",""FlGjISF3l78:semantic_cosine_wp240_v1:8"",""FlGjISF3l78:semantic_cosine_wp240_v1:0"",""FlGjISF3l78:semantic_cosine_wp240_v1:38"",""FlGjISF3l78:semantic_cosine_wp240_v1:24"",""-DP1i2ZU9gk:semantic_cosine_wp240_v1:2""]","[2.52403831,-2.45284009,-2.72860098,-3.01580048,-3.15181565,-4.05346966,-4.07440853,-4.21317863,-4.41554642,-4.63961124]","[false,false,false,false,false,false,false,false,false,false]"
mit60001_rerank_46564f781c27d679,dense_baseline_v1,mit60001-q-026,50,1,1.0,4,dense_cosine,"[""-DP1i2ZU9gk:semantic_cosine_wp240_v1:8"",""RvRKT-jXvko:semantic_cosine_wp240_v1:23"",""7lQXYl_L28w:semantic_cosine_wp240_v1:16""]","[0.61201906,0.55648112,0.51597357]","[true,false,false]","[""-DP1i2ZU9gk:semantic_cosine_wp240_v1:8"",""RvRKT-jXvko:semantic_cosine_wp240_v1:23"",""7lQXYl_L28w:semantic_cosine_wp240_v1:16"",""o9nW0uBqvEo:semantic_cosine_wp240_v1:67"",""WPSeyjX1-4s:semantic_cosine_wp240_v1:58"",""6LOwPhPDwVc:semantic_cosine_wp240_v1:5"",""7lQXYl_L28w:semantic_cosine_wp240_v1:20"",""7lQXYl_L28w:semantic_cosine_wp240_v1:84"",""-DP1i2ZU9gk:semantic_cosine_wp240_v1:7"",""o9nW0uBqvEo:semantic_cosine_wp240_v1:34""]","[0.61201906,0.55648112,0.51597357,0.51572359,0.50604159,0.50445247,0.48538429,0.48414055,0.48125839,0.47792405]","[true,false,false,true,false,false,false,false,true,false]"
mit60001_rerank_46564f781c27d679,cross_encoder_ms_marco_minilm_l6_v2,mit60001-q-026,50,1,1.0,18,cross_encoder_raw_logit,"[""-DP1i2ZU9gk:semantic_cosine_wp240_v1:8"",""RvRKT-jXvko:semantic_cosine_wp240_v1:26"",""RvRKT-jXvko:semantic_cosine_wp240_v1:23""]","[2.88853693,1.08353305,0.82176024]","[true,false,false]","[""-DP1i2ZU9gk:semantic_cosine_wp240_v1:8"",""RvRKT-jXvko:semantic_cosine_wp240_v1:26"",""RvRKT-jXvko:semantic_cosine_wp240_v1:23"",""RvRKT-jXvko:semantic_cosine_wp240_v1:32"",""7lQXYl_L28w:semantic_cosine_wp240_v1:16"",""WPSeyjX1-4s:semantic_cosine_wp240_v1:58"",""o9nW0uBqvEo:semantic_cosine_wp240_v1:62"",""SrkqbLOQcEo:semantic_cosine_wp240_v1:2"",""7lQXYl_L28w:semantic_cosine_wp240_v1:31"",""-DP1i2ZU9gk:semantic_cosine_wp240_v1:9""]","[2.88853693,1.08353305,0.82176024,0.40910557,-1.17490506,-1.71076727,-1.94187856,-2.41131043,-2.53893185,-2.7298975]","[true,false,false,false,false,false,false,false,false,false]"
mit60001_rerank_46564f781c27d679,dense_baseline_v1,mit60001-q-027,50,3,0.333333333,3,dense_cosine,"[""SE4P7IVCunE:semantic_cosine_wp240_v1:17"",""zYVWQpCitKQ:semantic_cosine_wp240_v1:1"",""SE4P7IVCunE:semantic_cosine_wp240_v1:21""]","[0.60086536,0.59455287,0.59405643]","[false,false,true]","[""SE4P7IVCunE:semantic_cosine_wp240_v1:17"",""zYVWQpCitKQ:semantic_cosine_wp240_v1:1"",""SE4P7IVCunE:semantic_cosine_wp240_v1:21"",""SE4P7IVCunE:semantic_cosine_wp240_v1:3"",""SE4P7IVCunE:semantic_cosine_wp240_v1:4"",""SE4P7IVCunE:semantic_cosine_wp240_v1:23"",""4WtaFLayz_w:semantic_cosine_wp240_v1:1"",""SE4P7IVCunE:semantic_cosine_wp240_v1:19"",""MjbuarJ7SE0:semantic_cosine_wp240_v1:1"",""0jljZRnHwOI:semantic_cosine_wp240_v1:6""]","[0.60086536,0.59455287,0.59405643,0.58605385,0.57069397,0.56537944,0.56162727,0.55694157,0.54587007,0.53932208]","[false,false,true,false,false,false,false,false,false,false]"
mit60001_rerank_46564f781c27d679,cross_encoder_ms_marco_minilm_l6_v2,mit60001-q-027,50,8,0.125,8,cross_encoder_raw_logit,"[""RvRKT-jXvko:semantic_cosine_wp240_v1:15"",""o9nW0uBqvEo:semantic_cosine_wp240_v1:71"",""SE4P7IVCunE:semantic_cosine_wp240_v1:17""]","[4.13647175,3.39587617,3.251436]","[false,false,false]","[""RvRKT-jXvko:semantic_cosine_wp240_v1:15"",""o9nW0uBqvEo:semantic_cosine_wp240_v1:71"",""SE4P7IVCunE:semantic_cosine_wp240_v1:17"",""SE4P7IVCunE:semantic_cosine_wp240_v1:24"",""SE4P7IVCunE:semantic_cosine_wp240_v1:26"",""MjbuarJ7SE0:semantic_cosine_wp240_v1:1"",""SE4P7IVCunE:semantic_cosine_wp240_v1:1"",""SE4P7IVCunE:semantic_cosine_wp240_v1:21"",""0jljZRnHwOI:semantic_cosine_wp240_v1:54"",""0jljZRnHwOI:semantic_cosine_wp240_v1:44""]","[4.13647175,3.39587617,3.251436,1.6841383,1.20817924,0.99572301,0.91004801,0.84617686,0.78480661,0.41584188]","[false,false,false,false,false,false,false,true,false,false]"
mit60001_rerank_46564f781c27d679,dense_baseline_v1,mit60001-q-029,50,2,0.5,2,dense_cosine,"[""MjbuarJ7SE0:semantic_cosine_wp240_v1:27"",""MjbuarJ7SE0:semantic_cosine_wp240_v1:20"",""MjbuarJ7SE0:semantic_cosine_wp240_v1:21""]","[0.65063053,0.63251448,0.57477963]","[false,true,true]","[""MjbuarJ7SE0:semantic_cosine_wp240_v1:27"",""MjbuarJ7SE0:semantic_cosine_wp240_v1:20"",""MjbuarJ7SE0:semantic_cosine_wp240_v1:21"",""MjbuarJ7SE0:semantic_cosine_wp240_v1:16"",""MjbuarJ7SE0:semantic_cosine_wp240_v1:22"",""MjbuarJ7SE0:semantic_cosine_wp240_v1:37"",""MjbuarJ7SE0:semantic_cosine_wp240_v1:23"",""MjbuarJ7SE0:semantic_cosine_wp240_v1:36"",""MjbuarJ7SE0:semantic_cosine_wp240_v1:29"",""MjbuarJ7SE0:semantic_cosine_wp240_v1:26""]","[0.65063053,0.63251448,0.57477963,0.57101452,0.55582875,0.55366886,0.55215544,0.55086684,0.5273068,0.51558667]","[false,true,true,false,false,false,false,false,false,false]"
mit60001_rerank_46564f781c27d679,cross_encoder_ms_marco_minilm_l6_v2,mit60001-q-029,50,3,0.333333333,3,cross_encoder_raw_logit,"[""MjbuarJ7SE0:semantic_cosine_wp240_v1:27"",""MjbuarJ7SE0:semantic_cosine_wp240_v1:29"",""MjbuarJ7SE0:semantic_cosine_wp240_v1:21""]","[3.88398457,2.25441551,2.15041161]","[false,false,true]","[""MjbuarJ7SE0:semantic_cosine_wp240_v1:27"",""MjbuarJ7SE0:semantic_cosine_wp240_v1:29"",""MjbuarJ7SE0:semantic_cosine_wp240_v1:21"",""RvRKT-jXvko:semantic_cosine_wp240_v1:36"",""RvRKT-jXvko:semantic_cosine_wp240_v1:9"",""MjbuarJ7SE0:semantic_cosine_wp240_v1:20"",""9H6muyZjms0:semantic_cosine_wp240_v1:39"",""MjbuarJ7SE0:semantic_cosine_wp240_v1:22"",""RvRKT-jXvko:semantic_cosine_wp240_v1:11"",""MjbuarJ7SE0:semantic_cosine_wp240_v1:37""]","[3.88398457,2.25441551,2.15041161,1.64684153,1.61236191,1.01103663,0.80803704,0.17015532,0.1291336,-0.24363898]","[false,false,true,false,false,true,false,false,false,false]"
mit60001_rerank_46564f781c27d679,dense_baseline_v1,mit60001-q-030,50,1,1.0,2,dense_cosine,"[""-DP1i2ZU9gk:semantic_cosine_wp240_v1:21"",""-DP1i2ZU9gk:semantic_cosine_wp240_v1:22"",""FlGjISF3l78:semantic_cosine_wp240_v1:5""]","[0.64769745,0.59968829,0.58524549]","[true,true,false]","[""-DP1i2ZU9gk:semantic_cosine_wp240_v1:21"",""-DP1i2ZU9gk:semantic_cosine_wp240_v1:22"",""FlGjISF3l78:semantic_cosine_wp240_v1:5"",""WPSeyjX1-4s:semantic_cosine_wp240_v1:7"",""FlGjISF3l78:semantic_cosine_wp240_v1:3"",""FlGjISF3l78:semantic_cosine_wp240_v1:39"",""-DP1i2ZU9gk:semantic_cosine_wp240_v1:24"",""-DP1i2ZU9gk:semantic_cosine_wp240_v1:34"",""-DP1i2ZU9gk:semantic_cosine_wp240_v1:28"",""-DP1i2ZU9gk:semantic_cosine_wp240_v1:25""]","[0.64769745,0.59968829,0.58524549,0.54760122,0.53446507,0.52129906,0.51155138,0.48152354,0.47763109,0.47455269]","[true,true,false,false,false,false,false,false,false,false]"
mit60001_rerank_46564f781c27d679,cross_encoder_ms_marco_minilm_l6_v2,mit60001-q-030,50,1,1.0,1,cross_encoder_raw_logit,"[""-DP1i2ZU9gk:semantic_cosine_wp240_v1:22"",""-DP1i2ZU9gk:semantic_cosine_wp240_v1:28"",""-DP1i2ZU9gk:semantic_cosine_wp240_v1:25""]","[1.0274415,0.75907862,0.02631874]","[true,false,false]","[""-DP1i2ZU9gk:semantic_cosine_wp240_v1:22"",""-DP1i2ZU9gk:semantic_cosine_wp240_v1:28"",""-DP1i2ZU9gk:semantic_cosine_wp240_v1:25"",""-DP1i2ZU9gk:semantic_cosine_wp240_v1:39"",""-DP1i2ZU9gk:semantic_cosine_wp240_v1:24"",""_ax4eNMI9Dw:semantic_cosine_wp240_v1:1"",""FlGjISF3l78:semantic_cosine_wp240_v1:24"",""-DP1i2ZU9gk:semantic_cosine_wp240_v1:21"",""FlGjISF3l78:semantic_cosine_wp240_v1:38"",""-DP1i2ZU9gk:semantic_cosine_wp240_v1:34""]","[1.0274415,0.75907862,0.02631874,-0.26750255,-1.59349751,-1.80649042,-1.86904919,-1.90143323,-2.82660484,-3.10096979]","[true,false,false,false,false,false,false,true,false,false]"
mit60001_rerank_46564f781c27d679,dense_baseline_v1,mit60001-q-031,50,3,0.333333333,5,dense_cosine,"[""RvRKT-jXvko:semantic_cosine_wp240_v1:47"",""RvRKT-jXvko:semantic_cosine_wp240_v1:37"",""RvRKT-jXvko:semantic_cosine_wp240_v1:49""]","[0.64767075,0.63116598,0.5633269]","[false,false,true]","[""RvRKT-jXvko:semantic_cosine_wp240_v1:47"",""RvRKT-jXvko:semantic_cosine_wp240_v1:37"",""RvRKT-jXvko:semantic_cosine_wp240_v1:49"",""RvRKT-jXvko:semantic_cosine_wp240_v1:33"",""RvRKT-jXvko:semantic_cosine_wp240_v1:44"",""RvRKT-jXvko:semantic_cosine_wp240_v1:27"",""RvRKT-jXvko:semantic_cosine_wp240_v1:43"",""SrkqbLOQcEo:semantic_cosine_wp240_v1:1"",""SrkqbLOQcEo:semantic_cosine_wp240_v1:3"",""WPSeyjX1-4s:semantic_cosine_wp240_v1:1""]","[0.64767075,0.63116598,0.5633269,0.54920876,0.53193498,0.5067091,0.49601167,0.48582494,0.48568997,0.47223973]","[false,false,true,false,true,false,true,false,false,false]"
mit60001_rerank_46564f781c27d679,cross_encoder_ms_marco_minilm_l6_v2,mit60001-q-031,50,8,0.125,10,cross_encoder_raw_logit,"[""WPSeyjX1-4s:semantic_cosine_wp240_v1:1"",""RvRKT-jXvko:semantic_cosine_wp240_v1:37"",""RvRKT-jXvko:semantic_cosine_wp240_v1:31""]","[1.61884999,1.39719057,-0.6157515]","[false,false,false]","[""WPSeyjX1-4s:semantic_cosine_wp240_v1:1"",""RvRKT-jXvko:semantic_cosine_wp240_v1:37"",""RvRKT-jXvko:semantic_cosine_wp240_v1:31"",""RvRKT-jXvko:semantic_cosine_wp240_v1:33"",""RvRKT-jXvko:semantic_cosine_wp240_v1:30"",""RvRKT-jXvko:semantic_cosine_wp240_v1:47"",""SrkqbLOQcEo:semantic_cosine_wp240_v1:3"",""RvRKT-jXvko:semantic_cosine_wp240_v1:43"",""SrkqbLOQcEo:semantic_cosine_wp240_v1:1"",""RvRKT-jXvko:semantic_cosine_wp240_v1:50""]","[1.61884999,1.39719057,-0.6157515,-0.8074587,-0.84931982,-0.87211221,-1.24904609,-1.57477498,-2.29608583,-2.60976505]","[false,false,false,false,false,false,false,true,false,true]"
mit60001_rerank_46564f781c27d679,dense_baseline_v1,mit60001-q-032,50,3,0.333333333,4,dense_cosine,"[""9H6muyZjms0:semantic_cosine_wp240_v1:31"",""9H6muyZjms0:semantic_cosine_wp240_v1:37"",""9H6muyZjms0:semantic_cosine_wp240_v1:41""]","[0.4688254,0.43308502,0.4193334]","[false,false,true]","[""9H6muyZjms0:semantic_cosine_wp240_v1:31"",""9H6muyZjms0:semantic_cosine_wp240_v1:37"",""9H6muyZjms0:semantic_cosine_wp240_v1:41"",""9H6muyZjms0:semantic_cosine_wp240_v1:35"",""9H6muyZjms0:semantic_cosine_wp240_v1:32"",""9H6muyZjms0:semantic_cosine_wp240_v1:38"",""9H6muyZjms0:semantic_cosine_wp240_v1:33"",""9H6muyZjms0:semantic_cosine_wp240_v1:34"",""9H6muyZjms0:semantic_cosine_wp240_v1:51"",""6LOwPhPDwVc:semantic_cosine_wp240_v1:27""]","[0.4688254,0.43308502,0.4193334,0.40925062,0.39561224,0.37368897,0.32516098,0.32045454,0.29322216,0.25470126]","[false,false,true,true,false,false,true,true,false,false]"
mit60001_rerank_46564f781c27d679,cross_encoder_ms_marco_minilm_l6_v2,mit60001-q-032,50,1,1.0,4,cross_encoder_raw_logit,"[""9H6muyZjms0:semantic_cosine_wp240_v1:41"",""9H6muyZjms0:semantic_cosine_wp240_v1:37"",""9H6muyZjms0:semantic_cosine_wp240_v1:32""]","[0.45564952,-0.62358111,-1.62032461]","[true,false,false]","[""9H6muyZjms0:semantic_cosine_wp240_v1:41"",""9H6muyZjms0:semantic_cosine_wp240_v1:37"",""9H6muyZjms0:semantic_cosine_wp240_v1:32"",""9H6muyZjms0:semantic_cosine_wp240_v1:35"",""9H6muyZjms0:semantic_cosine_wp240_v1:31"",""9H6muyZjms0:semantic_cosine_wp240_v1:52"",""9H6muyZjms0:semantic_cosine_wp240_v1:43"",""9H6muyZjms0:semantic_cosine_wp240_v1:50"",""o9nW0uBqvEo:semantic_cosine_wp240_v1:74"",""MjbuarJ7SE0:semantic_cosine_wp240_v1:27""]","[0.45564952,-0.62358111,-1.62032461,-2.86339045,-4.84724236,-5.60782051,-6.58452511,-8.36759567,-9.64165878,-9.90305614]","[true,false,false,true,false,false,false,false,false,false]"
mit60001_rerank_46564f781c27d679,dense_baseline_v1,mit60001-q-033,50,2,0.5,2,dense_cosine,"[""RvRKT-jXvko:semantic_cosine_wp240_v1:0"",""MjbuarJ7SE0:semantic_cosine_wp240_v1:13"",""MjbuarJ7SE0:semantic_cosine_wp240_v1:54""]","[0.69880611,0.64186931,0.63102221]","[false,true,false]","[""RvRKT-jXvko:semantic_cosine_wp240_v1:0"",""MjbuarJ7SE0:semantic_cosine_wp240_v1:13"",""MjbuarJ7SE0:semantic_cosine_wp240_v1:54"",""MjbuarJ7SE0:semantic_cosine_wp240_v1:12"",""MjbuarJ7SE0:semantic_cosine_wp240_v1:6"",""9H6muyZjms0:semantic_cosine_wp240_v1:6"",""nykOeWgQcHM:semantic_cosine_wp240_v1:7"",""nykOeWgQcHM:semantic_cosine_wp240_v1:6"",""-DP1i2ZU9gk:semantic_cosine_wp240_v1:11"",""MjbuarJ7SE0:semantic_cosine_wp240_v1:11""]","[0.69880611,0.64186931,0.63102221,0.61642092,0.60700858,0.60421628,0.58462334,0.56275326,0.55805469,0.54890114]","[false,true,false,false,false,false,false,false,false,false]"
mit60001_rerank_46564f781c27d679,cross_encoder_ms_marco_minilm_l6_v2,mit60001-q-033,50,2,0.5,2,cross_encoder_raw_logit,"[""MjbuarJ7SE0:semantic_cosine_wp240_v1:6"",""MjbuarJ7SE0:semantic_cosine_wp240_v1:13"",""RvRKT-jXvko:semantic_cosine_wp240_v1:0""]","[2.21662354,1.50214911,0.4076435]","[false,true,false]","[""MjbuarJ7SE0:semantic_cosine_wp240_v1:6"",""MjbuarJ7SE0:semantic_cosine_wp240_v1:13"",""RvRKT-jXvko:semantic_cosine_wp240_v1:0"",""-DP1i2ZU9gk:semantic_cosine_wp240_v1:11"",""MjbuarJ7SE0:semantic_cosine_wp240_v1:12"",""9H6muyZjms0:semantic_cosine_wp240_v1:6"",""MjbuarJ7SE0:semantic_cosine_wp240_v1:54"",""MjbuarJ7SE0:semantic_cosine_wp240_v1:11"",""MjbuarJ7SE0:semantic_cosine_wp240_v1:15"",""FlGjISF3l78:semantic_cosine_wp240_v1:66""]","[2.21662354,1.50214911,0.4076435,0.40252212,-0.82436275,-0.99433553,-2.17102766,-3.96378303,-4.13127232,-4.51570415]","[false,true,false,false,false,false,false,false,false,false]"
mit60001_rerank_46564f781c27d679,dense_baseline_v1,mit60001-q-034,50,2,0.5,5,dense_cosine,"[""9H6muyZjms0:semantic_cosine_wp240_v1:31"",""9H6muyZjms0:semantic_cosine_wp240_v1:25"",""9H6muyZjms0:semantic_cosine_wp240_v1:20""]","[0.54773521,0.51795828,0.50825918]","[false,true,false]","[""9H6muyZjms0:semantic_cosine_wp240_v1:31"",""9H6muyZjms0:semantic_cosine_wp240_v1:25"",""9H6muyZjms0:semantic_cosine_wp240_v1:20"",""9H6muyZjms0:semantic_cosine_wp240_v1:22"",""9H6muyZjms0:semantic_cosine_wp240_v1:7"",""9H6muyZjms0:semantic_cosine_wp240_v1:11"",""4WtaFLayz_w:semantic_cosine_wp240_v1:6"",""nykOeWgQcHM:semantic_cosine_wp240_v1:35"",""9H6muyZjms0:semantic_cosine_wp240_v1:9"",""9H6muyZjms0:semantic_cosine_wp240_v1:28""]","[0.54773521,0.51795828,0.50825918,0.477332,0.47128499,0.46506423,0.45371506,0.44291827,0.43791029,0.43433988]","[false,true,false,false,true,false,false,false,false,false]"
mit60001_rerank_46564f781c27d679,cross_encoder_ms_marco_minilm_l6_v2,mit60001-q-034,50,2,0.5,3,cross_encoder_raw_logit,"[""9H6muyZjms0:semantic_cosine_wp240_v1:31"",""9H6muyZjms0:semantic_cosine_wp240_v1:25"",""9H6muyZjms0:semantic_cosine_wp240_v1:7""]","[4.88321114,4.72978258,1.94460106]","[false,true,true]","[""9H6muyZjms0:semantic_cosine_wp240_v1:31"",""9H6muyZjms0:semantic_cosine_wp240_v1:25"",""9H6muyZjms0:semantic_cosine_wp240_v1:7"",""9H6muyZjms0:semantic_cosine_wp240_v1:9"",""nykOeWgQcHM:semantic_cosine_wp240_v1:35"",""9H6muyZjms0:semantic_cosine_wp240_v1:28"",""9H6muyZjms0:semantic_cosine_wp240_v1:18"",""9H6muyZjms0:semantic_cosine_wp240_v1:8"",""9H6muyZjms0:semantic_cosine_wp240_v1:21"",""9H6muyZjms0:semantic_cosine_wp240_v1:20""]","[4.88321114,4.72978258,1.94460106,1.35196757,1.1171813,-1.50937188,-1.7383368,-2.00272894,-3.77301288,-4.09994125]","[false,true,true,false,false,false,false,true,false,false]"
mit60001_rerank_46564f781c27d679,dense_baseline_v1,mit60001-q-035,50,2,0.5,4,dense_cosine,"[""RvRKT-jXvko:semantic_cosine_wp240_v1:47"",""WPSeyjX1-4s:semantic_cosine_wp240_v1:1"",""RvRKT-jXvko:semantic_cosine_wp240_v1:37""]","[0.46366006,0.46217555,0.45488301]","[false,true,false]","[""RvRKT-jXvko:semantic_cosine_wp240_v1:47"",""WPSeyjX1-4s:semantic_cosine_wp240_v1:1"",""RvRKT-jXvko:semantic_cosine_wp240_v1:37"",""RvRKT-jXvko:semantic_cosine_wp240_v1:49"",""RvRKT-jXvko:semantic_cosine_wp240_v1:52"",""RvRKT-jXvko:semantic_cosine_wp240_v1:44"",""SrkqbLOQcEo:semantic_cosine_wp240_v1:1"",""RvRKT-jXvko:semantic_cosine_wp240_v1:55"",""SrkqbLOQcEo:semantic_cosine_wp240_v1:3"",""RvRKT-jXvko:semantic_cosine_wp240_v1:51""]","[0.46366006,0.46217555,0.45488301,0.39418972,0.38049626,0.37656111,0.31330884,0.3004854,0.29912794,0.29899538]","[false,true,false,true,false,false,false,false,false,false]"
mit60001_rerank_46564f781c27d679,cross_encoder_ms_marco_minilm_l6_v2,mit60001-q-035,50,1,1.0,2,cross_encoder_raw_logit,"[""WPSeyjX1-4s:semantic_cosine_wp240_v1:1"",""RvRKT-jXvko:semantic_cosine_wp240_v1:50"",""RvRKT-jXvko:semantic_cosine_wp240_v1:44""]","[-0.34349969,-3.58150244,-6.40808392]","[true,true,false]","[""WPSeyjX1-4s:semantic_cosine_wp240_v1:1"",""RvRKT-jXvko:semantic_cosine_wp240_v1:50"",""RvRKT-jXvko:semantic_cosine_wp240_v1:44"",""RvRKT-jXvko:semantic_cosine_wp240_v1:25"",""RvRKT-jXvko:semantic_cosine_wp240_v1:51"",""RvRKT-jXvko:semantic_cosine_wp240_v1:54"",""RvRKT-jXvko:semantic_cosine_wp240_v1:52"",""RvRKT-jXvko:semantic_cosine_wp240_v1:49"",""RvRKT-jXvko:semantic_cosine_wp240_v1:47"",""RvRKT-jXvko:semantic_cosine_wp240_v1:37""]","[-0.34349969,-3.58150244,-6.40808392,-7.91177464,-8.08922768,-8.328125,-8.43196201,-8.5304184,-9.060812,-9.92284584]","[true,true,false,false,false,false,false,true,false,false]"
mit60001_rerank_46564f781c27d679,dense_baseline_v1,mit60001-q-037,50,1,1.0,6,dense_cosine,"[""7lQXYl_L28w:semantic_cosine_wp240_v1:13"",""6LOwPhPDwVc:semantic_cosine_wp240_v1:2"",""6LOwPhPDwVc:semantic_cosine_wp240_v1:3""]","[0.64719677,0.56745994,0.5392983]","[true,false,false]","[""7lQXYl_L28w:semantic_cosine_wp240_v1:13"",""6LOwPhPDwVc:semantic_cosine_wp240_v1:2"",""6LOwPhPDwVc:semantic_cosine_wp240_v1:3"",""SE4P7IVCunE:semantic_cosine_wp240_v1:29"",""7lQXYl_L28w:semantic_cosine_wp240_v1:15"",""6LOwPhPDwVc:semantic_cosine_wp240_v1:4"",""o9nW0uBqvEo:semantic_cosine_wp240_v1:70"",""SE4P7IVCunE:semantic_cosine_wp240_v1:53"",""6LOwPhPDwVc:semantic_cosine_wp240_v1:14"",""7lQXYl_L28w:semantic_cosine_wp240_v1:19""]","[0.64719677,0.56745994,0.5392983,0.50525534,0.49203742,0.48872811,0.48003167,0.46854722,0.46326423,0.45160824]","[true,false,false,false,false,true,false,false,false,false]"
mit60001_rerank_46564f781c27d679,cross_encoder_ms_marco_minilm_l6_v2,mit60001-q-037,50,2,0.5,3,cross_encoder_raw_logit,"[""6LOwPhPDwVc:semantic_cosine_wp240_v1:14"",""7lQXYl_L28w:semantic_cosine_wp240_v1:13"",""6LOwPhPDwVc:semantic_cosine_wp240_v1:4""]","[0.3998577,-0.26543975,-1.21746612]","[false,true,true]","[""6LOwPhPDwVc:semantic_cosine_wp240_v1:14"",""7lQXYl_L28w:semantic_cosine_wp240_v1:13"",""6LOwPhPDwVc:semantic_cosine_wp240_v1:4"",""6LOwPhPDwVc:semantic_cosine_wp240_v1:3"",""6LOwPhPDwVc:semantic_cosine_wp240_v1:16"",""7lQXYl_L28w:semantic_cosine_wp240_v1:14"",""7lQXYl_L28w:semantic_cosine_wp240_v1:15"",""o9nW0uBqvEo:semantic_cosine_wp240_v1:61"",""o9nW0uBqvEo:semantic_cosine_wp240_v1:70"",""6LOwPhPDwVc:semantic_cosine_wp240_v1:21""]","[0.3998577,-0.26543975,-1.21746612,-1.38623905,-2.60982728,-2.83956623,-3.20810127,-4.45850229,-5.90215874,-5.98051643]","[false,true,true,false,false,true,false,false,false,false]"
mit60001_rerank_46564f781c27d679,dense_baseline_v1,mit60001-q-038,50,5,0.2,5,dense_cosine,"[""6LOwPhPDwVc:semantic_cosine_wp240_v1:14"",""o9nW0uBqvEo:semantic_cosine_wp240_v1:70"",""7lQXYl_L28w:semantic_cosine_wp240_v1:13""]","[0.54813755,0.54386324,0.53487241]","[false,false,false]","[""6LOwPhPDwVc:semantic_cosine_wp240_v1:14"",""o9nW0uBqvEo:semantic_cosine_wp240_v1:70"",""7lQXYl_L28w:semantic_cosine_wp240_v1:13"",""7lQXYl_L28w:semantic_cosine_wp240_v1:15"",""6LOwPhPDwVc:semantic_cosine_wp240_v1:4"",""6LOwPhPDwVc:semantic_cosine_wp240_v1:17"",""6LOwPhPDwVc:semantic_cosine_wp240_v1:68"",""6LOwPhPDwVc:semantic_cosine_wp240_v1:2"",""o9nW0uBqvEo:semantic_cosine_wp240_v1:61"",""6LOwPhPDwVc:semantic_cosine_wp240_v1:3""]","[0.54813755,0.54386324,0.53487241,0.52004397,0.51728368,0.50130391,0.47926769,0.47904372,0.45418715,0.44937688]","[false,false,false,false,true,false,false,false,false,true]"
mit60001_rerank_46564f781c27d679,cross_encoder_ms_marco_minilm_l6_v2,mit60001-q-038,50,2,0.5,2,cross_encoder_raw_logit,"[""6LOwPhPDwVc:semantic_cosine_wp240_v1:14"",""6LOwPhPDwVc:semantic_cosine_wp240_v1:4"",""o9nW0uBqvEo:semantic_cosine_wp240_v1:70""]","[2.30106044,-1.30025697,-2.19393516]","[false,true,false]","[""6LOwPhPDwVc:semantic_cosine_wp240_v1:14"",""6LOwPhPDwVc:semantic_cosine_wp240_v1:4"",""o9nW0uBqvEo:semantic_cosine_wp240_v1:70"",""6LOwPhPDwVc:semantic_cosine_wp240_v1:16"",""7lQXYl_L28w:semantic_cosine_wp240_v1:14"",""RvRKT-jXvko:semantic_cosine_wp240_v1:42"",""6LOwPhPDwVc:semantic_cosine_wp240_v1:17"",""6LOwPhPDwVc:semantic_cosine_wp240_v1:21"",""7lQXYl_L28w:semantic_cosine_wp240_v1:13"",""6LOwPhPDwVc:semantic_cosine_wp240_v1:15""]","[2.30106044,-1.30025697,-2.19393516,-2.4119904,-3.04887581,-3.27725315,-3.27873683,-3.41933346,-3.49994802,-3.85614347]","[false,true,false,false,false,false,false,false,false,false]"
mit60001_rerank_46564f781c27d679,dense_baseline_v1,mit60001-q-039,50,1,1.0,2,dense_cosine,"[""9H6muyZjms0:semantic_cosine_wp240_v1:15"",""9H6muyZjms0:semantic_cosine_wp240_v1:13"",""9H6muyZjms0:semantic_cosine_wp240_v1:17""]","[0.67595756,0.59078383,0.52976424]","[true,true,false]","[""9H6muyZjms0:semantic_cosine_wp240_v1:15"",""9H6muyZjms0:semantic_cosine_wp240_v1:13"",""9H6muyZjms0:semantic_cosine_wp240_v1:17"",""9H6muyZjms0:semantic_cosine_wp240_v1:16"",""9H6muyZjms0:semantic_cosine_wp240_v1:14"",""9H6muyZjms0:semantic_cosine_wp240_v1:0"",""9H6muyZjms0:semantic_cosine_wp240_v1:9"",""0jljZRnHwOI:semantic_cosine_wp240_v1:20"",""9H6muyZjms0:semantic_cosine_wp240_v1:49"",""nykOeWgQcHM:semantic_cosine_wp240_v1:5""]","[0.67595756,0.59078383,0.52976424,0.4834421,0.43848023,0.36398536,0.31358653,0.31005135,0.28912303,0.28563297]","[true,true,false,false,false,false,false,false,false,false]"
mit60001_rerank_46564f781c27d679,cross_encoder_ms_marco_minilm_l6_v2,mit60001-q-039,50,1,1.0,2,cross_encoder_raw_logit,"[""9H6muyZjms0:semantic_cosine_wp240_v1:13"",""9H6muyZjms0:semantic_cosine_wp240_v1:15"",""9H6muyZjms0:semantic_cosine_wp240_v1:14""]","[5.47804832,4.23502636,-0.19779162]","[true,true,false]","[""9H6muyZjms0:semantic_cosine_wp240_v1:13"",""9H6muyZjms0:semantic_cosine_wp240_v1:15"",""9H6muyZjms0:semantic_cosine_wp240_v1:14"",""9H6muyZjms0:semantic_cosine_wp240_v1:16"",""9H6muyZjms0:semantic_cosine_wp240_v1:17"",""MjbuarJ7SE0:semantic_cosine_wp240_v1:8"",""9H6muyZjms0:semantic_cosine_wp240_v1:11"",""9H6muyZjms0:semantic_cosine_wp240_v1:12"",""9H6muyZjms0:semantic_cosine_wp240_v1:46"",""9H6muyZjms0:semantic_cosine_wp240_v1:31""]","[5.47804832,4.23502636,-0.19779162,-1.42312694,-2.15043736,-8.05977821,-9.5795393,-9.6548233,-10.25427818,-10.54932594]","[true,true,false,false,false,false,false,true,false,false]"
mit60001_rerank_46564f781c27d679,dense_baseline_v1,mit60001-q-040,50,4,0.25,4,dense_cosine,"[""9H6muyZjms0:semantic_cosine_wp240_v1:51"",""9H6muyZjms0:semantic_cosine_wp240_v1:31"",""9H6muyZjms0:semantic_cosine_wp240_v1:49""]","[0.55317825,0.53251076,0.5178718]","[false,false,false]","[""9H6muyZjms0:semantic_cosine_wp240_v1:51"",""9H6muyZjms0:semantic_cosine_wp240_v1:31"",""9H6muyZjms0:semantic_cosine_wp240_v1:49"",""9H6muyZjms0:semantic_cosine_wp240_v1:52"",""9H6muyZjms0:semantic_cosine_wp240_v1:50"",""9H6muyZjms0:semantic_cosine_wp240_v1:35"",""9H6muyZjms0:semantic_cosine_wp240_v1:41"",""9H6muyZjms0:semantic_cosine_wp240_v1:37"",""-DP1i2ZU9gk:semantic_cosine_wp240_v1:45"",""9H6muyZjms0:semantic_cosine_wp240_v1:13""]","[0.55317825,0.53251076,0.5178718,0.50597501,0.48406869,0.40863004,0.3720392,0.37137026,0.37091923,0.36571679]","[false,false,false,true,false,false,false,false,false,false]"
mit60001_rerank_46564f781c27d679,cross_encoder_ms_marco_minilm_l6_v2,mit60001-q-040,50,5,0.2,5,cross_encoder_raw_logit,"[""9H6muyZjms0:semantic_cosine_wp240_v1:49"",""9H6muyZjms0:semantic_cosine_wp240_v1:31"",""9H6muyZjms0:semantic_cosine_wp240_v1:50""]","[-1.0043354,-2.04666686,-2.30255079]","[false,false,false]","[""9H6muyZjms0:semantic_cosine_wp240_v1:49"",""9H6muyZjms0:semantic_cosine_wp240_v1:31"",""9H6muyZjms0:semantic_cosine_wp240_v1:50"",""9H6muyZjms0:semantic_cosine_wp240_v1:51"",""9H6muyZjms0:semantic_cosine_wp240_v1:52"",""9H6muyZjms0:semantic_cosine_wp240_v1:41"",""9H6muyZjms0:semantic_cosine_wp240_v1:38"",""9H6muyZjms0:semantic_cosine_wp240_v1:32"",""9H6muyZjms0:semantic_cosine_wp240_v1:35"",""9H6muyZjms0:semantic_cosine_wp240_v1:37""]","[-1.0043354,-2.04666686,-2.30255079,-3.02088284,-4.35348034,-6.49003696,-7.08675909,-7.09559345,-8.47471619,-9.17183685]","[false,false,false,false,true,false,false,false,false,false]"
mit60001_rerank_46564f781c27d679,dense_baseline_v1,mit60001-q-041,50,5,0.2,9,dense_cosine,"[""vqn_yk5aFcI:semantic_cosine_wp240_v1:0"",""-DP1i2ZU9gk:semantic_cosine_wp240_v1:42"",""2__KumJsGXc:semantic_cosine_wp240_v1:0""]","[0.53165722,0.51243562,0.4876281]","[false,false,false]","[""vqn_yk5aFcI:semantic_cosine_wp240_v1:0"",""-DP1i2ZU9gk:semantic_cosine_wp240_v1:42"",""2__KumJsGXc:semantic_cosine_wp240_v1:0"",""FlGjISF3l78:semantic_cosine_wp240_v1:12"",""-DP1i2ZU9gk:semantic_cosine_wp240_v1:13"",""FlGjISF3l78:semantic_cosine_wp240_v1:7"",""-DP1i2ZU9gk:semantic_cosine_wp240_v1:16"",""FlGjISF3l78:semantic_cosine_wp240_v1:51"",""FlGjISF3l78:semantic_cosine_wp240_v1:4"",""FlGjISF3l78:semantic_cosine_wp240_v1:34""]","[0.53165722,0.51243562,0.4876281,0.48694143,0.48162574,0.47791219,0.46861929,0.46569696,0.44987512,0.44064832]","[false,false,false,false,true,false,false,false,true,false]"
mit60001_rerank_46564f781c27d679,cross_encoder_ms_marco_minilm_l6_v2,mit60001-q-041,50,6,0.166666667,12,cross_encoder_raw_logit,"[""FlGjISF3l78:semantic_cosine_wp240_v1:7"",""FlGjISF3l78:semantic_cosine_wp240_v1:52"",""-DP1i2ZU9gk:semantic_cosine_wp240_v1:22""]","[3.31707811,2.42267132,1.68261087]","[false,false,false]","[""FlGjISF3l78:semantic_cosine_wp240_v1:7"",""FlGjISF3l78:semantic_cosine_wp240_v1:52"",""-DP1i2ZU9gk:semantic_cosine_wp240_v1:22"",""-DP1i2ZU9gk:semantic_cosine_wp240_v1:42"",""FlGjISF3l78:semantic_cosine_wp240_v1:6"",""-DP1i2ZU9gk:semantic_cosine_wp240_v1:13"",""FlGjISF3l78:semantic_cosine_wp240_v1:12"",""FlGjISF3l78:semantic_cosine_wp240_v1:5"",""FlGjISF3l78:semantic_cosine_wp240_v1:51"",""-DP1i2ZU9gk:semantic_cosine_wp240_v1:21""]","[3.31707811,2.42267132,1.68261087,1.54879618,1.20510268,0.55041814,-1.11225915,-1.45769656,-1.66219258,-2.21971893]","[false,false,false,false,false,true,false,false,false,false]"
