intent_id,evaluation_scope,question_vi,expected_answer_points_json,top3_evidence_json,decision,answer,selected_citations_json,runtime_status,evidence_sufficiency,decision_judgment,answer_correctness,answer_completeness,groundedness,citation_support_overall,output_language,reviewer_notes,decision_correct,language_compliant,strict_answer_success,strict_end_to_end_success,failure_reason
mit60001-q-014,primary,List và dictionary trong Python khác nhau như thế nào?,"[""A list is an ordered sequence accessed by integer index."",""A dictionary maps keys to values and is accessed by the appropriate key."",""Dictionary keys must be immutable.""]","[{""chunk_id"":""-DP1i2ZU9gk:semantic_cosine_wp240_v1:7"",""excerpt"":""We've worked with lists before.\nThe list with elements 1, 2, 3,\nand 4 is a very specific object\nthat is of type list.\nAgain, we think about it\nin terms of two things.\nOne is what is the data\nrepresentation of the list?\nSo behind the scenes how\ndoes Python see lists?\nAnd the second is, how do\nyou interact with lists?\nSo what are ways that\nyou can manipulate a list\nobject once it's created?\nSo behind the scenes\nyou have a list, L,\nwhich is going to be made up\nof essentially two things."",""rank"":1},{""chunk_id"":""SrkqbLOQcEo:semantic_cosine_wp240_v1:3"",""excerpt"":""And it's going to\nbe [mi, re], OK?\nAnd once again, I've\nmutated the list.\nSo the old version's gone.\nAnd lastly-- this is a tricky\npart-- I'm going to append,\nto my current L3, which looks\nlike this, another list.\nSo to L3, I'm\nappending another list.\nSo this is going to be\nthe list [fa, la], OK?\nSo [mi, re], and then the\nlist [fa, la] is the answer,\nwhich is red-- no, sorry, blue.\nGood, you had me scared.\nOK.\nPerfect.\nSo if you didn't\nget this, I would"",""rank"":2},{""chunk_id"":""-DP1i2ZU9gk:semantic_cosine_wp240_v1:14"",""excerpt"":""to implement list class\nand then you can just\nuse the list class like this.\nYou can create a new list, you\ncan get the length pf the list,\nyou can append to the end of\nthe list, and so on and so on.\nSo let's start defining\nour own types, OK?\nSo now you're going\nto define classes,\nyou're going to\nwrite classes which\nare going to define your\nown types of objects.\nSo for today's\nlecture we're going\nto look at code\nthat's going to be"",""rank"":3}]",abstain,,[],passed,Insufficient,Correct,N/A,N/A,N/A,N/A,N/A,"Top 3 chỉ có evidence chung về list/class/mutability và không cung cấp contrast trực tiếp với dictionary, key-value access hoặc immutable keys. Abstain là phù hợp.",true,true,false,true,
mit60001-q-001,primary,"Theo phần giới thiệu khóa học, những mục tiêu học tập nào được nêu ra cho sinh viên?","[""Gain conceptual knowledge and programming skills."",""Learn to solve problems through problem sets and sustained programming practice."",""Read problem sets early so course terminology becomes familiar."",""Develop recursive problem solving by reducing a hard problem to simpler versions of the same problem.""]","[{""chunk_id"":""MjbuarJ7SE0:semantic_cosine_wp240_v1:24"",""excerpt"":""have a value.\nSo let's step through this\nprogram-- this small program--\nand see what exactly happens\nbehind the scenes in the scope.\nAnd if you're just\nstarting to program,\nI think it would be\nhighly valuable if you\ntake a piece of paper as you're\ndoing some of these exercises\nand you write down\nsomething similar to what\nI'm going to go through here.\nI think it'll help\na lot, and you'll\nbe able to see exactly\nstep-by-step what variables\ntake what values and\nwhich scope you're in.\nSo here we go.\nWhen the program\nfirst starts, we're\ncreating this global scope.\nIt's the main program scope.\nIn the main program\nscope, the first thing"",""rank"":1},{""chunk_id"":""6LOwPhPDwVc:semantic_cosine_wp240_v1:0"",""excerpt"":""The following content is\nprovided under a Creative\nCommons license.\nYour support will help\nMIT OpenCourseWare\ncontinue to offer high quality\neducational resources for free.\nTo make a donation or\nview additional materials\nfrom hundreds of MIT courses,\nvisit MIT OpenCourseWare\nat ocw.mit.edu.\nPROFESSOR: So, for\nthe last two lectures\nwe've been talking about\nanalyzing algorithms,\ncomplexity, orders of growth.\nHow do we estimate the\ncost of an algorithm\nas the size of the input grows?\nAnd as I've said\nseveral times, I'll\nsay at least once\nmore, how do we also\nturn it the other direction?\nHow do we use thoughts about\nchoices of pieces of algorithm\nin terms of\nimplications on the cost"",""rank"":2},{""chunk_id"":""nykOeWgQcHM:semantic_cosine_wp240_v1:3"",""excerpt"":""for future reference.\nIt's true.\nThis is a really\nfast-paced course,\nand we ramp up really quickly.\nWe do want to position you\nto succeed in this course.\nAs I was writing\nthis, I was trying\nto think about when\nI was first starting\nto program what helped\nme get through my very\nfirst programming course.\nAnd this is really a good list.\nThe first thing was I just\nread the psets as soon\nas they came out, made sure that\nthe terminology just sunk in.\nAnd then, during\nlectures, if the lecturer\nwas talking about something\nthat suddenly I remembered,\noh, I saw that word in the pset\nand I didn't know what it was.\nWell, hey, now I\nknow what it is."",""rank"":3}]",answer,"Mục tiêu học tập của sinh viên trong khóa học này bao gồm: đọc psets, hiểu khái niệm và định nghĩa về các khái niệm, và sử dụng các khái niệm đó trong các bài tập và bài giảng.","[{""chunk_id"":""nykOeWgQcHM:semantic_cosine_wp240_v1:3"",""excerpt"":""for future reference.\nIt's true.\nThis is a really\nfast-paced course,\nand we ramp up really quickly.\nWe do want to position you\nto succeed in this course.\nAs I was writing\nthis, I was trying\nto think about when\nI was first starting\nto program what helped\nme get through my very\nfirst programming course.\nAnd this is really a good list.\nThe first thing was I just\nread the psets as soon\nas they came out, made sure that\nthe terminology just sunk in.\nAnd then, during\nlectures, if the lecturer\nwas talking about something\nthat suddenly I remembered,\noh, I saw that word in the pset\nand I didn't know what it was.\nWell, hey, now I\nknow what it is."",""rank"":3}]",passed,Insufficient,Incorrect,Partial,Incomplete,Partial,Partial support,Vietnamese,"Answer có nhắc đọc problem sets và học khái niệm, nhưng thiếu phần lớn learning goals đã khóa như programming skills và recursive problem solving. Top 3 chỉ hỗ trợ rõ một phần các claim nên việc answer thay vì abstain là quá mạnh.",false,true,false,false,decision|answer_quality_or_citation
mit60001-q-003,primary,Python sử dụng các tên biến trong những phạm vi khác nhau như thế nào?,"[""The same variable name can exist in the global scope and in a different scope."",""Python uses the variable names of the current scope, so same-named variables in different scopes do not interfere with one another.""]","[{""chunk_id"":""MjbuarJ7SE0:semantic_cosine_wp240_v1:41"",""excerpt"":""what happens with variable\nnames and formal parameters\nand actual parameters.\nThat's why I highly recommend\npieces of paper and pens.\nOne last thing I want\nto mention about scope\nbefore we do another example.\nSo there are three\nsort of situations\nyou might find yourself in.\nThe first one is probably\nthe most typical,\nand this is when you\ndefine a function.\nAnd it's using a\nvariable named x\nin this case that's also\ndefined outside of the function.\nAnd that doesn't matter\nbecause of the idea of scopes.\nSo inside the global scope,\nyou can have variables x.\nWhen you're inside\na different scope,\nyou can have whatever\nvariable names you want.\nAnd when you're\ninside that scope,"",""rank"":1},{""chunk_id"":""MjbuarJ7SE0:semantic_cosine_wp240_v1:42"",""excerpt"":""Python's going to use\nthose variable names,\nso they don't interfere\nwith each other at all.\nSo in this example, I've defined\na variable x is equal to 1,\nand then I incremented, and that\ndoesn't interfere with the fact\nthat we have a\nvariable x outside.\nThis one's a little\nbit trickier.\nI define this function\ng, and all g does\nis access a variable x.\nBut notice inside g, I've\nnever actually declared\nor initialized a variable x.\nIn this f, I said\nx is equal to 1.\nBut in here, I'm\njust sort of using x.\nSo this does not\ngive you an error."",""rank"":2},{""chunk_id"":""MjbuarJ7SE0:semantic_cosine_wp240_v1:51"",""excerpt"":""Then I'm printing out this line.\nAnd then I've reached here-- h.\nThis is actually a function\ncall, and I'm calling h.\nAs soon as I make\na function call,\nI'm creating another scope.\nSo I'm temporarily going\nout of the scope of g\nand going into the scope of h.\nSo Python knows that\nh contains some code,\nand now I can go inside h\nand do whatever I need to do.\nSo the first-- so h doesn't\nhave any parameters,\nso I don't need to populate\nanything like that in there.\nh does define a variable called\nx, which is abc; it's a string."",""rank"":3}]",answer,"Python sử dụng các tên biến trong những phạm vi khác nhau như sau:
1. Phạm vi toàn bộ chương trình: Các biến này có thể được truy cập trong toàn bộ chương trình.
2. Phạm vi trong một hàm: Các biến này chỉ có thể được truy cập trong phạm vi của hàm đó.
3. Phạm vi trong một hàm gọi: Khi gọi hàm, một phạm vi mới được tạo ra, và các biến trong phạm vi này chỉ có thể được truy cập trong phạm vi đó.","[{""chunk_id"":""MjbuarJ7SE0:semantic_cosine_wp240_v1:41"",""excerpt"":""what happens with variable\nnames and formal parameters\nand actual parameters.\nThat's why I highly recommend\npieces of paper and pens.\nOne last thing I want\nto mention about scope\nbefore we do another example.\nSo there are three\nsort of situations\nyou might find yourself in.\nThe first one is probably\nthe most typical,\nand this is when you\ndefine a function.\nAnd it's using a\nvariable named x\nin this case that's also\ndefined outside of the function.\nAnd that doesn't matter\nbecause of the idea of scopes.\nSo inside the global scope,\nyou can have variables x.\nWhen you're inside\na different scope,\nyou can have whatever\nvariable names you want.\nAnd when you're\ninside that scope,"",""rank"":1},{""chunk_id"":""MjbuarJ7SE0:semantic_cosine_wp240_v1:42"",""excerpt"":""Python's going to use\nthose variable names,\nso they don't interfere\nwith each other at all.\nSo in this example, I've defined\na variable x is equal to 1,\nand then I incremented, and that\ndoesn't interfere with the fact\nthat we have a\nvariable x outside.\nThis one's a little\nbit trickier.\nI define this function\ng, and all g does\nis access a variable x.\nBut notice inside g, I've\nnever actually declared\nor initialized a variable x.\nIn this f, I said\nx is equal to 1.\nBut in here, I'm\njust sort of using x.\nSo this does not\ngive you an error."",""rank"":2},{""chunk_id"":""MjbuarJ7SE0:semantic_cosine_wp240_v1:51"",""excerpt"":""Then I'm printing out this line.\nAnd then I've reached here-- h.\nThis is actually a function\ncall, and I'm calling h.\nAs soon as I make\na function call,\nI'm creating another scope.\nSo I'm temporarily going\nout of the scope of g\nand going into the scope of h.\nSo Python knows that\nh contains some code,\nand now I can go inside h\nand do whatever I need to do.\nSo the first-- so h doesn't\nhave any parameters,\nso I don't need to populate\nanything like that in there.\nh does define a variable called\nx, which is abc; it's a string."",""rank"":3}]",passed,Sufficient,Correct,Partial,Incomplete,Partial,Partial support,Vietnamese,Top 3 đủ để trả lời rằng cùng một tên biến có thể tồn tại ở các scope khác nhau và không can thiệp nhau. Answer mô tả các scope nhưng không nêu rõ điểm same-name non-interference; một số wording về global-variable access rộng hơn evidence cần thiết.,true,true,false,false,answer_quality_or_citation
mit60001-q-037,primary,Tìm kiếm tuyến tính và tìm kiếm nhị phân khác nhau như thế nào về số phần tử cần kiểm tra?,"[""Linear search may inspect every list element, so its worst-case complexity is linear."",""Bisection search requires a sorted list and uses the ordering to reduce the size of the remaining problem."",""That reduction makes bisection search more efficient than linear search on suitable sorted data.""]","[{""chunk_id"":""6LOwPhPDwVc:semantic_cosine_wp240_v1:3"",""excerpt"":""is going to get next\nTuesday on that exam?\nThat's not a promise.\nSorry.\nBut we'll work on it.\nSo could do it implicit,\ncould do it explicit.\nToday I want to focus on\ndoing search explicitly.\nAnd it could be on different\nkinds of collections,\nbut I'm going to focus-- just\nas an example-- on search\nover lists.\nAnd to make it a little\neasier, let's just do search\nover lists of numbers.\nBut it could obviously be\nother kinds of elements.\nNow you've already seen\nsome of this, right?\nWe did search where we said,\nwe can do linear search.\nBrute force.\nJust walk down the list\nlooking at everything\ntill we either find the\nthing we're looking for\nor we get to the\nend of the list.\nSometimes also called\nBritish Museum algorithm\nor exhaustive enumeration."",""rank"":1},{""chunk_id"":""7lQXYl_L28w:semantic_cosine_wp240_v1:15"",""excerpt"":""searching for.\nPractically, in\nthe average case,\nthat's going to be\nfaster than just looking\nat an unsorted list.\nBut the complexity\nis still linear.\nBecause in the\nworst case, I've got\nto go all the way\nthrough the list\nbefore I deduce that\nthe thing is not there.\nOK, so even sequential\nsearch in an ordered list\nis still linear.\nCan we do better?\nAnd the answer is, sure.\nSo here's how we do better.\nI'm going to take that list."",""rank"":2},{""chunk_id"":""6LOwPhPDwVc:semantic_cosine_wp240_v1:17"",""excerpt"":""And now what I want to know is,\nif I'm going to do k searches,\nthe cost of those\nk searches I know\nis going to be k log n-- because\nit's log to do the search.\nAnd I simply need\nto know, is the cost\nof sorting plus\nthis-- can I have\nsomething where it's less\nthan k searches just using\nlinear search?\nAnd the answer is, yes.\nThere are going to be,\nfor large k's, ways\nin which we can do the sort\nwhere the sort time becomes\nirrelevant, that\nthe cost is really\ndominated by this search.\nAnd so what I want to do\nnow is look at-- all right.\nHow could we do the sort\nreasonably efficiently?"",""rank"":3}]",answer,"Số phần tử cần kiểm tra trong tìm kiếm tuyến tính là 1, trong tìm kiếm nhị phân là log n","[{""chunk_id"":""6LOwPhPDwVc:semantic_cosine_wp240_v1:17"",""excerpt"":""And now what I want to know is,\nif I'm going to do k searches,\nthe cost of those\nk searches I know\nis going to be k log n-- because\nit's log to do the search.\nAnd I simply need\nto know, is the cost\nof sorting plus\nthis-- can I have\nsomething where it's less\nthan k searches just using\nlinear search?\nAnd the answer is, yes.\nThere are going to be,\nfor large k's, ways\nin which we can do the sort\nwhere the sort time becomes\nirrelevant, that\nthe cost is really\ndominated by this search.\nAnd so what I want to do\nnow is look at-- all right.\nHow could we do the sort\nreasonably efficiently?"",""rank"":3}]",passed,Sufficient,Correct,Incorrect,Incomplete,Partial,Partial support,Vietnamese,Evidence đủ để so sánh linear với bisection/binary search. Answer sai khi nói linear search chỉ cần kiểm tra 1 phần tử; worst case có thể phải duyệt toàn bộ list. Phần binary search log n được evidence hỗ trợ.,true,true,false,false,answer_quality_or_citation
mit60001-q-029,primary,Một hàm trả giá trị về cho đoạn mã đã gọi hàm đó như thế nào?,"[""A return statement specifies an expression whose evaluated value is sent back by the function."",""The code that called the function receives that returned value.""]","[{""chunk_id"":""MjbuarJ7SE0:semantic_cosine_wp240_v1:20"",""excerpt"":""You remember,\nthink of a function\nas sort of a small procedure\nor a little mini-program\nthat does something.\nSo you can do anything\ninside the function\nthat you can do in the regular\nprogram-- print things,\ndo mathematical\noperations, and so on.\nThe last line is the most\nimportant part of the function\nthough.\nAnd it's this return statement--\nthat's what we call it.\nSo it's a line of code\nthat starts with return,\nwhich is a keyword.\nAnd then it's going\nto be some value.\nNotice this is an\nexpression here--\ni%2 == 0 is an expression\nthat's going to evaluate to some\nvalue.\nAnd as long as this\npart is something\nthat evaluates some value,\nit can be anything you want."",""rank"":1},{""chunk_id"":""MjbuarJ7SE0:semantic_cosine_wp240_v1:27"",""excerpt"":""So we're still inside\nthe function call f,\nso x gets the value 4.\nWe're printing this and\nthen we're returning x.\nSo in the scope of\nf, x is equal to 4,\nso we're returning\nthat value back\nto whoever called it,\nwhich was this function\ncall within the global scope.\nSo this part right here-- f\nof x, which was the function\ncall-- gets replaced with 4.\nSo inside the main\nprogram, z is equal to 4.\nAnd that's how we pass\nparameters into the function,\nand we got a parameter\nback from the function.\nAs soon as the function\nreturns something,\nthe scope that you were in\nfor the function gets erased.\nYou forget about every variable\nthat was created in there,\ndelete that scope, and\nyou're back to wherever\nyou started calling it.\nOne warning though.\nSo what happens if there's\nno return statement?"",""rank"":2},{""chunk_id"":""MjbuarJ7SE0:semantic_cosine_wp240_v1:16"",""excerpt"":""So it's optional, but\nhighly recommended,\nand this is how you\ntell other people\nhow to use your function.\nFunction has a body, which\nis the meat and potatoes\nof the function-- what it does.\nAnd a function's going\nto return something.\nIt computes its thing and\nthen it gives back-- spits\nback some answer.\nOK here's an example of\na function definition\nand a function call.\nFunction definition is up here.\nI'll just draw it here.\nThis is the function\ndefinition up here.\nAnd this is the\nfunction call down here.\nSo remember, someone has\nto write the function that\ndoes something to begin with.\nSo this is how you\nwrite the function.\nThe first is\nwhoops-- the first is\ngoing to be this def keyword.\nAnd def stands for--\nit tells Python"",""rank"":3}]",answer,trả về giá trị cho đoạn mã đã gọi hàm đó,"[{""chunk_id"":""MjbuarJ7SE0:semantic_cosine_wp240_v1:20"",""excerpt"":""You remember,\nthink of a function\nas sort of a small procedure\nor a little mini-program\nthat does something.\nSo you can do anything\ninside the function\nthat you can do in the regular\nprogram-- print things,\ndo mathematical\noperations, and so on.\nThe last line is the most\nimportant part of the function\nthough.\nAnd it's this return statement--\nthat's what we call it.\nSo it's a line of code\nthat starts with return,\nwhich is a keyword.\nAnd then it's going\nto be some value.\nNotice this is an\nexpression here--\ni%2 == 0 is an expression\nthat's going to evaluate to some\nvalue.\nAnd as long as this\npart is something\nthat evaluates some value,\nit can be anything you want."",""rank"":1},{""chunk_id"":""MjbuarJ7SE0:semantic_cosine_wp240_v1:27"",""excerpt"":""So we're still inside\nthe function call f,\nso x gets the value 4.\nWe're printing this and\nthen we're returning x.\nSo in the scope of\nf, x is equal to 4,\nso we're returning\nthat value back\nto whoever called it,\nwhich was this function\ncall within the global scope.\nSo this part right here-- f\nof x, which was the function\ncall-- gets replaced with 4.\nSo inside the main\nprogram, z is equal to 4.\nAnd that's how we pass\nparameters into the function,\nand we got a parameter\nback from the function.\nAs soon as the function\nreturns something,\nthe scope that you were in\nfor the function gets erased.\nYou forget about every variable\nthat was created in there,\ndelete that scope, and\nyou're back to wherever\nyou started calling it.\nOne warning though.\nSo what happens if there's\nno return statement?"",""rank"":2}]",passed,Sufficient,Correct,Partial,Incomplete,Grounded,All support,Vietnamese,Answer không sai nhưng gần như lặp lại câu hỏi. Evidence cho biết return expression được evaluate và function call/caller nhận giá trị đó; các cơ chế này chưa được answer trình bày đầy đủ.,true,true,false,false,answer_quality_or_citation
mit60001-q-022,primary,Vì sao dictionary phù hợp hơn list cho việc tra cứu key-value?,"[""A list is an ordered sequence accessed by integer indices, while a dictionary maps keys to values and is accessed by key."",""Dictionary keys must be immutable."",""List indexing goes directly to a position; dictionary lookup uses a hash-based indexing scheme and trades additional flexibility for lookup cost.""]","[{""chunk_id"":""WPSeyjX1-4s:semantic_cosine_wp240_v1:64"",""excerpt"":""back a collection of all the\nkeys in some arbitrary order.\nI'm going to use\na funny term here\nwhich I'm not certain\nwe've seen so far.\nIt returns something we call\nan iterable, it's like range.\nThink of it as giving us back\nthe equivalent of a list,\nit's not actually\na list, but it's\nsomething we can walk down.\nWhich is exactly why I\ncan then say, is something\nin a dictionary, because it\nreturns this set of keys,\nand I can test to see\nsomething's in there.\nI can similarly get\nall of the values\nif I wanted to look at them,\ngiving us out two iterables.\nHere are the key things to keep\nin mind about dictionaries."",""rank"":1},{""chunk_id"":""WPSeyjX1-4s:semantic_cosine_wp240_v1:65"",""excerpt"":""The values can be anything,\nany type, mutable, immutable.\nThey could be duplicates.\nThat'd actually makes sense,\nI could have the same value\nassociated, for example,\nthe same grade associated\nwith different people,\nthat's perfectly fine.\nThe values could be lists, they\ncould be other data structures,\nthey could even be\nother dictionaries.\nThey can be anything,\nwhich is great.\nThe keys, the first part of it\nare a little more structure.\nThey need to be unique.\nWell duh, that make sense.\nIf I have that same key in\ntwo places in the dictionary,\nwhen I go to look\nit up, how am I\ngoing to know which one I want?\nSo it needs to be\nunique, and they also\nneed to be immutable,\nwhich also makes sense.\nIf I'm storing something\nin a key in the dictionary,"",""rank"":2},{""chunk_id"":""7lQXYl_L28w:semantic_cosine_wp240_v1:84"",""excerpt"":""So you can see that these\noperations are typically\nlinear in the size of a list.\nThese are constant.\nFor dictionaries,\nremember, dictionaries\nwere this nice thing.\nThey weren't ordered.\nIt gave me a power in\nterms of storing them.\nBut as a consequence, some\nof the costs then go up.\nFor a list, indexing, going\nto a particular point,\nI just go to that\nspot and retrieve it.\nIndexing into a\ndictionary, I have\nto find that point in the\ndictionary that has the key\nand get the value back."",""rank"":3}]",abstain,,[],passed,Insufficient,Correct,N/A,N/A,N/A,N/A,N/A,"Top 3 có một số evidence về dictionary keys và lookup nhưng không bao phủ đầy đủ contract đã khóa, đặc biệt contrast đầy đủ với list và các yêu cầu liên quan tới lookup/key constraints. Abstain là phù hợp theo rubric strict.",true,true,false,true,
mit60001-q-008,primary,Vì sao việc gán lại một tên biến sang giá trị mới có thể khiến đối tượng trước đó vẫn không thay đổi?,"[""A variable name is a handle or binding used to access an object."",""Rebinding the name to a new value removes the old binding but does not change the previous object; the old object can remain in memory without that handle.""]","[{""chunk_id"":""FlGjISF3l78:semantic_cosine_wp240_v1:26"",""excerpt"":""setting the name to\nthe empty string,\nbecause that's what the\ndefault parameter is.\nSo in the next line, when\nI print a.get_name(),\nthis is just going to\nprint the empty string, OK?\nIf you do want to\npass in a parameter,\nyou can do so as normal.\nSo you can say a =\nAnimal(3), a.set_name(),\nand then pass in\na parameter here.\nAnd then, newname is going to be\nassigned to whatever parameter\nis passed in like that.\nWhatever you pass in overrides\nthe default argument,\nand everything is good.\nSo when I print a.get_name(),\nthis is going to print out\nthe name that you've passed in."",""rank"":1},{""chunk_id"":""FlGjISF3l78:semantic_cosine_wp240_v1:25"",""excerpt"":""a new instance of an Animal\ntype object with this line\nhere, a = Animal(3).\nAnd then we can\nsay a.set_name().\nSo this calls the setter\nmethod to set the name.\nAnd notice, we've\nalways said that you\nhave to put in parameters for\neverything other than self, OK?\nBut here we have no\nparameters passed in.\nBut that's OK, because\nnewname actually\nhas a default argument, OK?\nSo that tells Python, if no\nparameter is passed in for this\nparticular formal parameter,\nthen use whatever is up here\nby default. So if I haven't\npassed in the parameter\na.get_na-- a.set_name(), sorry--\na.sett_name() is going to be"",""rank"":2},{""chunk_id"":""FlGjISF3l78:semantic_cosine_wp240_v1:57"",""excerpt"":""Initially, what happens is, when\nI first create this new rabbit,\nit's going to access the\nclass variable, which,\nit's current value is 1.\nSo when I create the\nrabbit ID-- the rabbit ID,\nr1.rid-- this is going\nto get the value 1.\nAnd according to\nthe code, after I\nset the rabbit ID\nto whatever tag is,\nI'm going to increment the tag.\nSo this is going to say,\nOK, now that I've said it,\nI'm going to go back up here\nand increment the tag to be 2.\nOK.\nSo let's say I create\nanother Rabbit object, OK?\nAll right, there--\nthat's a sad rabbit, r2.\nThe ID of r2 is\ngoing to be what?\nWell, according to the way\nwe create a new Rabbit object"",""rank"":3}]",answer,"Vì khi gán lại tên biến sang giá trị mới, đối tượng trước đó vẫn không thay đổi là vì Python sử dụng phương thức setter để thay đổi giá trị của một đối tượng. Phương thức này được gọi khi chúng ta gán một giá trị mới cho một thuộc tính của một đối tượng. Trong trường hợp này, mặc dù chúng ta gán tên biến sang giá trị mới, nhưng đối tượng trước đó vẫn giữ nguyên vì không có thông tin về việc thay đổi giá trị của nó.","[{""chunk_id"":""FlGjISF3l78:semantic_cosine_wp240_v1:57"",""excerpt"":""Initially, what happens is, when\nI first create this new rabbit,\nit's going to access the\nclass variable, which,\nit's current value is 1.\nSo when I create the\nrabbit ID-- the rabbit ID,\nr1.rid-- this is going\nto get the value 1.\nAnd according to\nthe code, after I\nset the rabbit ID\nto whatever tag is,\nI'm going to increment the tag.\nSo this is going to say,\nOK, now that I've said it,\nI'm going to go back up here\nand increment the tag to be 2.\nOK.\nSo let's say I create\nanother Rabbit object, OK?\nAll right, there--\nthat's a sad rabbit, r2.\nThe ID of r2 is\ngoing to be what?\nWell, according to the way\nwe create a new Rabbit object"",""rank"":3}]",passed,Insufficient,Incorrect,Incorrect,Incomplete,Ungrounded,None support,Vietnamese,"Top 3 không giải thích rebinding một variable name và việc old object có thể không đổi. Answer còn đưa claim về setter khi rebinding, không được evidence hỗ trợ và không trả lời đúng semantic intent.",false,true,false,false,decision|answer_quality_or_citation
mit60001-q-039,primary,Khóa học phân biệt kiểm thử hộp đen và kiểm thử hộp trắng như thế nào?,"[""Black-box testing creates tests from the specification or docstring without using the implementation code."",""Glass-box testing uses the code itself to design tests that exercise its possible execution paths.""]","[{""chunk_id"":""9H6muyZjms0:semantic_cosine_wp240_v1:15"",""excerpt"":""and all the possible\ncombinations of those.\nSo the important thing\nabout black box testing\nis that you are doing you are\ncreating the test cases based\non the specifications only.\nGlass box testing, you're\nusing the code itself\nto guide your test cases.\nSo if you have a piece\nof code and you come up\nwith a test case that goes\nthrough every single possible\ncombination of input-- of\nevery single possible path\nthrough the code, then that test\nset is called path complete.\nThe problem with this is\nwhen you encounter loops,\nfor example.\nEvery single possible\npath through a loop\nis maybe the code not going\nthrough the loop at all,\ngoing through once,\ngoing through twice,\ngoing through three times, four\ntimes, five times, and so on.\nRight?\nWhich could be a\nvery, very big test.\nSo instead there are\nactually some guidelines\nfor when you're dealing with\nloops and things like that."",""rank"":1},{""chunk_id"":""9H6muyZjms0:semantic_cosine_wp240_v1:13"",""excerpt"":""But there's actually two more\nrigorous ways to do testing.\nAnd one is black box\ntesting and the other one\nis glass box testing.\nIn black box testing,\nyou're assuming\nyou have the specifications\nto a function.\nSo that's the docstring.\nAll you're looking at is\nthe docstring and coming\nup with some test\ncases based on that.\nIn glass box testing,\nyou have the code\nitself and you're\ntrying to come up\nwith some test cases that hit\nupon all of the possible paths\nthrough the code.\nAll right.\nLet's look at an example\nfor black box testing.\nI'm finding the square root of\nx to some close enough value\ngiven by this epsilon."",""rank"":2},{""chunk_id"":""9H6muyZjms0:semantic_cosine_wp240_v1:14"",""excerpt"":""And the idea here,\nnotice I don't actually\ngive you how this\nfunction's implemented.\nThe idea is that you're\njust figuring out test cases\nbased on the specification.\nAnd the great thing\nabout black box testing\nis that whoever implements\nthis function can implement it\nin whatever way they wish, they\ncan use approximation method,\nthat can use bisection\nmethod, it doesn't matter.\nThe test cases that you come\nup with for this function\nare going to be\nexactly the same.\nRight?\nNo matter what the\nimplementation.\nSo for this particular\nfunction, here's a sample set.\nWe check the boundary,\nwe check perfect squares,\nwe can check some number\nthat's less than 1,\nwe can check maybe irrationals,\nand then you do extreme tests.\nSo when either epsilon is\nreally large or epsilon\nis really small, or x is really\nlarge or x is really small,"",""rank"":3}]",answer,"Kiểm thử hộp đen (black box testing) và kiểm thử hộp trắng (glass box testing) khác nhau như sau:
- Kiểm thử hộp đen: Bạn chỉ dựa vào tài liệu hướng dẫn (docstring) để tạo ra các trường hợp kiểm thử.
- Kiểm thử hộp trắng: Bạn dựa vào mã nguồn (code) để tạo ra các trường hợp kiểm thử.
- Kiểm thử hộp đen cho phép người thực hiện mã có thể thực hiện theo cách nào đó mà không ảnh hưởng đến kết quả kiểm thử.
- Kiểm thử hộp trắng yêu cầu người thực hiện mã phải tuân theo mã nguồn.
- Kiểm thử hộp đen thường được sử dụng khi không có quyền truy cập vào mã nguồn.
- Kiểm thử hộp trắng thường được sử dụng khi có quyền truy cập vào mã nguồn.","[{""chunk_id"":""9H6muyZjms0:semantic_cosine_wp240_v1:13"",""excerpt"":""But there's actually two more\nrigorous ways to do testing.\nAnd one is black box\ntesting and the other one\nis glass box testing.\nIn black box testing,\nyou're assuming\nyou have the specifications\nto a function.\nSo that's the docstring.\nAll you're looking at is\nthe docstring and coming\nup with some test\ncases based on that.\nIn glass box testing,\nyou have the code\nitself and you're\ntrying to come up\nwith some test cases that hit\nupon all of the possible paths\nthrough the code.\nAll right.\nLet's look at an example\nfor black box testing.\nI'm finding the square root of\nx to some close enough value\ngiven by this epsilon."",""rank"":2},{""chunk_id"":""9H6muyZjms0:semantic_cosine_wp240_v1:14"",""excerpt"":""And the idea here,\nnotice I don't actually\ngive you how this\nfunction's implemented.\nThe idea is that you're\njust figuring out test cases\nbased on the specification.\nAnd the great thing\nabout black box testing\nis that whoever implements\nthis function can implement it\nin whatever way they wish, they\ncan use approximation method,\nthat can use bisection\nmethod, it doesn't matter.\nThe test cases that you come\nup with for this function\nare going to be\nexactly the same.\nRight?\nNo matter what the\nimplementation.\nSo for this particular\nfunction, here's a sample set.\nWe check the boundary,\nwe check perfect squares,\nwe can check some number\nthat's less than 1,\nwe can check maybe irrationals,\nand then you do extreme tests.\nSo when either epsilon is\nreally large or epsilon\nis really small, or x is really\nlarge or x is really small,"",""rank"":3}]",passed,Sufficient,Correct,Partial,Complete,Partial,Partial support,Vietnamese,"Core distinction đúng: black-box dựa trên specification/docstring, glass-box dùng code/paths. Tuy nhiên answer thêm diễn giải về việc implementer phải follow source code/access assumptions mà Top 3 không trực tiếp hỗ trợ.",true,true,false,false,answer_quality_or_citation
mit60001-q-010,primary,Đối tượng mutable và immutable khác nhau như thế nào?,"[""Tuples are immutable, whereas lists are mutable."",""Lists and tuples can contain elements of any type, but lists use square brackets and tuples use parentheses.""]","[{""chunk_id"":""RvRKT-jXvko:semantic_cosine_wp240_v1:48"",""excerpt"":""but this I basically\ncopied and pasted\nfrom the Python\ntutor, which is just\nfrom the code from\ntoday's lecture.\nSo I have these\nlines of code here.\nThe first couple of\nlines really just\nshow what happens\nwhen you're dealing\nwith non-mutable objects.\nSo with non-mutable\nobjects, you have\ntwo separate objects that\nget their own values,\nand that's it.\nEnd of story.\nWith lists, however,\nthere's something different\nthat happens."",""rank"":1},{""chunk_id"":""RvRKT-jXvko:semantic_cosine_wp240_v1:43"",""excerpt"":""So the last one is the first\none, the second to last one\nis the second one, and so on.\nSo lists are mutable.\nWe've said that so many\ntimes this lecture.\nBut what exactly does that mean?\nWhat implications\ndoes that have?\nOnce again, this next part\nof the lecture, Python tutor.\nJust paste all the code\nin and go step by step\nto see exactly what's happening.\nSo lists are mutable.\nAs you have variable\nnames-- so for example,\nL is equal to some\nlist-- that L is\ngoing to be pointing\nto the list in memory.\nAnd since it's a mutable\nobject, this list,\nyou can have more\nthan one variable\nthat points to the exact\nsame object in memory.\nAnd if you have more\nthan one variable that\npoints to the same\nobject in memory,\nif that object in\nmemory is changed, then\nwhen you access it through\nany one of these variables,"",""rank"":2},{""chunk_id"":""FlGjISF3l78:semantic_cosine_wp240_v1:56"",""excerpt"":""So let's say I have\nRabbit.tag here, OK?\nSo initially, tag is\ngoing to be 1, OK?\nAnd then I'm going to\ncreate a new Rabbit object.\nSo this is as I'm\ncalling the code, OK?\nSo let's say this is a rabbit\nobject-- oh boy, OK-- r1.\nYou know, I actually googled\nhow to draw a rabbit,\nbut that didn't help at all.\nOK, so r1 is going to be a\nnew rabbit that we create."",""rank"":3}]",abstain,,[],passed,Insufficient,Correct,N/A,N/A,N/A,N/A,N/A,"Top 3 nói về mutable/non-mutable behavior nhưng không đủ để bao phủ đầy đủ expected contrast giữa tuple/list, khả năng chứa element types và ký hiệu representation. Abstain là phù hợp.",true,true,false,true,
mit60001-q-002,primary,"Theo khóa học, sinh viên nên làm gì để luyện lập trình một cách hiệu quả?","[""Read problem sets early to become familiar with terminology."",""Practice programming directly rather than only watching someone else code."",""Download the code before lecture.""]","[{""chunk_id"":""nykOeWgQcHM:semantic_cosine_wp240_v1:7"",""excerpt"":""you need to-- programs\naren't just linear.\nSometimes programs jump around.\nThey make decisions.\nThere's some control\nflow to programs.\nThat's what the second\nline is going to be about.\nThe second big\npart of this course\nis a little bit more\nabstract, and it\ndeals with how do you write\ngood code, good style,\ncode that's readable.\nWhen you write code, you\nwant to write it such\nthat-- you're in big company,\nother people will read it,\nother people will\nuse it, so it has\nto be readable and\nunderstandable by others.\nTo that end, you\nneed to write code\nthat's well organized,\nmodular, easy to understand.\nAnd not only that, not\nonly will your code"",""rank"":1},{""chunk_id"":""nykOeWgQcHM:semantic_cosine_wp240_v1:6"",""excerpt"":""looks like.\nAnd underlying all of\nthese is just practice.\nYou have to just type some\nstuff away and code a lot.\nAnd you'll succeed in\nthis course, I think.\nOK.\nSo what are the things we're\ngoing to learn in this class?\nI feel like the things we're\ngoing learn in this class\ncan be divided into basically\nthree different sections.\nThe first one is related to\nthese first two items here.\nIt's really about\nlearning how to program.\nLearning how to\nprogram, part of it\nis figuring out what\nobjects to create.\nYou'll learn about these later.\nHow do you represent knowledge\nwith data structures?\nThat's sort of the\nbroad term for that.\nAnd then, as you're\nwriting programs,"",""rank"":2},{""chunk_id"":""nykOeWgQcHM:semantic_cosine_wp240_v1:5"",""excerpt"":""Yeah.\nThat's probably the\nbig thing right there.\nI should have probably\nhighlighted it,\nbut don't be afraid.\nGreat.\nSo this is pretty much a\nroadmap of all of 6.0001 or 600\nas I've just explained it.\nThere's three big things we\nwant to get out of this course.\nThe first thing is the\nknowledge of concepts,\nwhich is pretty much true of\nany class that you'll take.\nThe class will teach you\nsomething through lectures.\nExams will test\nhow much you know.\nThis is a class in programming.\nThe other thing we want\nyou to get out of it\nis programming skills.\nAnd the last thing,\nand I think this\nis what makes this\nclass really great,\nis we teach you how\nto solve problems.\nAnd we do that\nthrough the psets.\nThat's really how I feel\nthe roadmap of this course"",""rank"":3}]",abstain,,[],passed,Insufficient,Correct,N/A,N/A,N/A,N/A,N/A,Top 3 hỗ trợ ý practice/code nhiều nhưng không đủ bao phủ các điểm đã khóa như đọc problem sets sớm và chuẩn bị/download code trước lecture. Abstain là phù hợp theo strict completeness.,true,true,false,true,
mit60001-q-034,primary,"Theo khóa học, testing và debugging liên hệ với nhau như thế nào khi tìm lỗi chương trình?","[""Testing uses expected and actual results to identify what is wrong."",""Debugging then determines how or why the bad result occurred and pinpoints the responsible line, lines, or function.""]","[{""chunk_id"":""9H6muyZjms0:semantic_cosine_wp240_v1:25"",""excerpt"":""that that's giving\nyou the bad results.\nSo the general debugging steps\nis to study the program code.\nDon't ask what is wrong,\nbecause that's actually\npart of the testing.\nSo your test cases would have\nfigured out what's wrong.\nThe debugging process\nis figuring out\nhow the result took place.\nAnd since programming is--\nprogramming and debugging\nis, sort of, is a science, you\ncan use the scientific method\nas well.\nSo look at all the data,\nthat's your test cases.\nFigure out a hypothesis.\nMaybe say, oh, maybe I'm\nindexing from 1 instead of 0\nin lists, for example.\nCome up with an experiment\nthat you can repeat.\nAnd then pick a\nsimple test case then\nyou can test your\nhypothesis with.\nSo as you're debugging, you\nwill encounter error messages.\nAnd these error\nmessages are actually"",""rank"":1},{""chunk_id"":""9H6muyZjms0:semantic_cosine_wp240_v1:9"",""excerpt"":""when you have to debug it.\nWhen do you want\nto start testing?\nWell first you have to make\nsure your program runs.\nSo eliminate syntax errors\nand static semantic errors\nwhich, by the way, Python\ncan easily catch for you.\nOnce you've ensured that\na piece of code runs,\nthen you want to come\nup with some test cases.\nSo this is pairs\nof input and output\nfor what you expect\nthe program to do.\nOnce you have your test cases\nand a piece of code that runs,\nyou can start doing tests.\nSo there's three general classes\nof tests that you can do.\nThe first is called\nunit testing.\nAnd if you've written functions,\nunit testings-- testing just"",""rank"":2},{""chunk_id"":""9H6muyZjms0:semantic_cosine_wp240_v1:7"",""excerpt"":""If you write your code\nin different blocks,\ndocumenting each\ndifferent block,\nyou're more likely to understand\nwhat's happening in your code\nlater on and you'll be\nable to test it and debug\nit a lot easier.\nSpeaking of testing\nand debugging,\nonce you've written a\nprogram that's modular,\nyou still have to test it.\nAnd the process of\ntesting is really just\ncoming up with inputs.\nFiguring out what\noutputs you expect.\nAnd then running your program.\nDoes the output that the program\ngive match what you expected?\nIf it does, great, you're done.\nBut if it doesn't, you have\nto go to this debugging step.\nAnd the debugging step\nis the hardest part."",""rank"":3}]",answer,"Testing và debugging liên hệ với nhau như sau: Khi viết chương trình, bạn cần viết test cases trước khi bắt đầu debugging. Sau đó, bạn sẽ gặp lỗi và cần sử dụng error messages để xác định vấn đề. Trong quá trình debugging, bạn sẽ sử dụng scientific method để tìm ra nguyên nhân của lỗi.","[{""chunk_id"":""9H6muyZjms0:semantic_cosine_wp240_v1:25"",""excerpt"":""that that's giving\nyou the bad results.\nSo the general debugging steps\nis to study the program code.\nDon't ask what is wrong,\nbecause that's actually\npart of the testing.\nSo your test cases would have\nfigured out what's wrong.\nThe debugging process\nis figuring out\nhow the result took place.\nAnd since programming is--\nprogramming and debugging\nis, sort of, is a science, you\ncan use the scientific method\nas well.\nSo look at all the data,\nthat's your test cases.\nFigure out a hypothesis.\nMaybe say, oh, maybe I'm\nindexing from 1 instead of 0\nin lists, for example.\nCome up with an experiment\nthat you can repeat.\nAnd then pick a\nsimple test case then\nyou can test your\nhypothesis with.\nSo as you're debugging, you\nwill encounter error messages.\nAnd these error\nmessages are actually"",""rank"":1},{""chunk_id"":""9H6muyZjms0:semantic_cosine_wp240_v1:9"",""excerpt"":""when you have to debug it.\nWhen do you want\nto start testing?\nWell first you have to make\nsure your program runs.\nSo eliminate syntax errors\nand static semantic errors\nwhich, by the way, Python\ncan easily catch for you.\nOnce you've ensured that\na piece of code runs,\nthen you want to come\nup with some test cases.\nSo this is pairs\nof input and output\nfor what you expect\nthe program to do.\nOnce you have your test cases\nand a piece of code that runs,\nyou can start doing tests.\nSo there's three general classes\nof tests that you can do.\nThe first is called\nunit testing.\nAnd if you've written functions,\nunit testings-- testing just"",""rank"":2},{""chunk_id"":""9H6muyZjms0:semantic_cosine_wp240_v1:7"",""excerpt"":""If you write your code\nin different blocks,\ndocumenting each\ndifferent block,\nyou're more likely to understand\nwhat's happening in your code\nlater on and you'll be\nable to test it and debug\nit a lot easier.\nSpeaking of testing\nand debugging,\nonce you've written a\nprogram that's modular,\nyou still have to test it.\nAnd the process of\ntesting is really just\ncoming up with inputs.\nFiguring out what\noutputs you expect.\nAnd then running your program.\nDoes the output that the program\ngive match what you expected?\nIf it does, great, you're done.\nBut if it doesn't, you have\nto go to this debugging step.\nAnd the debugging step\nis the hardest part."",""rank"":3}]",passed,Sufficient,Correct,Partial,Incomplete,Grounded,All support,Vietnamese,"Evidence đủ để nối testing với debugging. Answer nói đúng test trước rồi debug và dùng scientific method, nhưng chưa nêu rõ testing so expected-vs-actual để biết what is wrong và debugging tìm how/why, line/function gây lỗi.",true,true,false,false,answer_quality_or_citation
mit60001-q-016,primary,"Theo khóa học, một câu lệnh assertion kiểm tra điều gì trong chương trình?","[""Assertions check that assumptions about a computation match what a function expects."",""They can enforce function preconditions or postconditions, including input type and value conditions."",""When an assertion is false, Python raises an assertion error and the function stops immediately.""]","[{""chunk_id"":""9H6muyZjms0:semantic_cosine_wp240_v1:51"",""excerpt"":""If the assert is false, the\nfunction does not continue.\nIt stops right there.\nWhy does it behave this way?\nWell, assertions are\ngreat to make sure\nthat preconditions and\npost-conditions on functions\nare exactly as you expect.\nSo as soon as an\nassert becomes false,\nthe function's going to\nimmediately terminate.\nThis is useful because\nit'll prevent the program\nfrom propagating bad values.\nSo as soon as a precondition\nisn't true, for example,\nas you enter a function,\nthen that means something\nwent wrong in your program.\nAnd the program is going\nto stop right there.\nSo instead of\npropagating a bad value\nthroughout the\nprogram, and then you\ngetting an output that\nyou didn't expect,\nand then you having to trace\nback to the function that\ngave this bad value, you'll get\nthis bad value, you'll get this"",""rank"":1},{""chunk_id"":""9H6muyZjms0:semantic_cosine_wp240_v1:52"",""excerpt"":""assert being false\na lot earlier.\nSo it'll be a lot\neasier to figure out\nwhere the bug came from.\nAnd you won't have to\ntrace back so many steps.\nSo this is basically\nwhat I said,\nyou really want to spot the bugs\nas soon as they're introduced.\nAnd exceptions are good\nif you want to raise them\nwhen the user supplies\nbad data input,\nbut assertions are\nused to make sure\nthat the types and other-- the\ntypes of inputs to functions,\nmaybe other conditions\non inputs to functions,\nare being held as the\nvalues are being passed in.\nSo the keyword\nhere is making sure\nthat the invariants on\ndata structures are meant.\nAnd that's it.\nGreat.\nThanks."",""rank"":2},{""chunk_id"":""-DP1i2ZU9gk:semantic_cosine_wp240_v1:45"",""excerpt"":""They have to be integers,\nhence the assert over here.\nSo inside the init,\nI've decided I'm\ngoing to represent my\nfracture with two numbers, one\nfor the numerator and\none for the denominator.\nSo when I create\na fraction object,\nI'm going to pass in a\nnumerator and a denominator.\nAnd a particular\ninstance is going\nto have self dot\nnumerator and self dot\ndenominator as its\ndata attributes\nand I'm assigning those to be\nwhatever's passed into my init."",""rank"":3}]",answer,chức năng kiểm tra điều kiện trước và sau khi thực hiện một chức năng,"[{""chunk_id"":""9H6muyZjms0:semantic_cosine_wp240_v1:51"",""excerpt"":""If the assert is false, the\nfunction does not continue.\nIt stops right there.\nWhy does it behave this way?\nWell, assertions are\ngreat to make sure\nthat preconditions and\npost-conditions on functions\nare exactly as you expect.\nSo as soon as an\nassert becomes false,\nthe function's going to\nimmediately terminate.\nThis is useful because\nit'll prevent the program\nfrom propagating bad values.\nSo as soon as a precondition\nisn't true, for example,\nas you enter a function,\nthen that means something\nwent wrong in your program.\nAnd the program is going\nto stop right there.\nSo instead of\npropagating a bad value\nthroughout the\nprogram, and then you\ngetting an output that\nyou didn't expect,\nand then you having to trace\nback to the function that\ngave this bad value, you'll get\nthis bad value, you'll get this"",""rank"":1},{""chunk_id"":""9H6muyZjms0:semantic_cosine_wp240_v1:52"",""excerpt"":""assert being false\na lot earlier.\nSo it'll be a lot\neasier to figure out\nwhere the bug came from.\nAnd you won't have to\ntrace back so many steps.\nSo this is basically\nwhat I said,\nyou really want to spot the bugs\nas soon as they're introduced.\nAnd exceptions are good\nif you want to raise them\nwhen the user supplies\nbad data input,\nbut assertions are\nused to make sure\nthat the types and other-- the\ntypes of inputs to functions,\nmaybe other conditions\non inputs to functions,\nare being held as the\nvalues are being passed in.\nSo the keyword\nhere is making sure\nthat the invariants on\ndata structures are meant.\nAnd that's it.\nGreat.\nThanks."",""rank"":2},{""chunk_id"":""-DP1i2ZU9gk:semantic_cosine_wp240_v1:45"",""excerpt"":""They have to be integers,\nhence the assert over here.\nSo inside the init,\nI've decided I'm\ngoing to represent my\nfracture with two numbers, one\nfor the numerator and\none for the denominator.\nSo when I create\na fraction object,\nI'm going to pass in a\nnumerator and a denominator.\nAnd a particular\ninstance is going\nto have self dot\nnumerator and self dot\ndenominator as its\ndata attributes\nand I'm assigning those to be\nwhatever's passed into my init."",""rank"":3}]",passed,Sufficient,Correct,Correct,Incomplete,Grounded,All support,Vietnamese,Answer đúng phần assertions kiểm tra pre/post conditions nhưng chưa bao phủ đầy đủ type/value conditions và behavior khi assertion false. Các claim đã nêu được citation hỗ trợ.,true,true,false,false,answer_quality_or_citation
mit60001-q-021,primary,"Theo khóa học, các phép so sánh Boolean đóng vai trò gì trong việc rẽ nhánh?","[""Boolean comparisons provide tests whose results are True or False."",""Branching uses those test results to choose which path of the program should execute.""]","[{""chunk_id"":""FlGjISF3l78:semantic_cosine_wp240_v1:64"",""excerpt"":""or getting the\ncombinations of those two.\nSo that's what these\ntwo Booleans are doing.\nSo these are going\nto tell me-- these\nare going to be Boolean\nvalues, either True or False.\nAnd I'm going to\nreturn either they\nhave the same\nparents of that type\nor the same parents\ncriss-crossed, OK?\nSo here, notice\nthat I'm actually\ncomparing the IDs of the\nrabbits as opposed to the Rabbit\nobjects directly, OK?\nSo if, instead of\ncomparing the IDs in here,\nI was comparing the parents\nthemselves, directly,\nwhat would end up happening\nis this function, this method,\neq(), would get called\nover and over again.\nBecause here, we have\nparents that are rabbits.\nAnd at some point, the parents\nof the very, very first rabbits\never created by this\nprogram are None.\nAnd so when I try\nto call-- when I"",""rank"":1},{""chunk_id"":""0jljZRnHwOI:semantic_cosine_wp240_v1:20"",""excerpt"":""All right.\nSo now that we have ways to do\nlogical-- question right there.\nAUDIENCE: [INAUDIBLE]\nPROFESSOR: Yeah, great question.\nSo what does it mean to\ncompare a string with a string\nwith the greater than?\nSo that's just going to compare\nthem, lexicographically.\nSo does it come first\nin the alphabet?\nSo we can even test that out.\nWe can say, is a greater than b?\nAnd it's false.\nSo b comes later in\nthe alphabet than a.\nOK.\nSo now we have ways\nto do the tests.\nSo we can add some branching\nto our programming toolbox\nnow that we have\nways to do tests.\nThis is a map of MIT.\nI'm going to go through\nsort of a little example\nto motivate why we would want\nto do branching in our code."",""rank"":2},{""chunk_id"":""0jljZRnHwOI:semantic_cosine_wp240_v1:32"",""excerpt"":""Notice you can have\nnested conditionals.\nSo inside this first if,\nwe have another if here.\nAnd this inner if is only going\nto be checked when we enter\nthe first-- this outter if.\nI do want to make\none point, though.\nSo sometimes, you might forget\nto do the double equals sign\nwhen you are checking for\nequality, and that's OK.\nIf you just use one\nequals sign, Python's\ngoing to give you an error.\nAnd it's going to\nsay syntax error,\nand it's going to\nhighlight this line.\nAnd then you're going to know\nthat there's a mistake there.\nAnd you should be\nusing equality,\nbecause it doesn't\nmake sense to be\nusing-- to assign-- to be making\nan assignment inside the if.\nSo we've learned\nabout branching.\nAnd we know about conditionals.\nLet's try to apply\nthis to a little game."",""rank"":3}]",abstain,,[],passed,Sufficient,Incorrect,N/A,N/A,N/A,N/A,N/A,"Top 3 trực tiếp cho thấy comparisons/tests tạo Boolean True/False và các test này được dùng để thêm branching/conditionals. Evidence đủ, nên abstain là false abstain.",false,true,false,false,decision
mit60001-q-006,primary,"Theo bài giảng, độ hiệu quả (efficiency) của một thuật toán được giải thích như thế nào?","[""Estimate efficiency by running test cases, timing execution, and observing the result."",""Alternatively count fundamental operations as a function of input size.""]","[{""chunk_id"":""o9nW0uBqvEo:semantic_cosine_wp240_v1:14"",""excerpt"":""use that to try and come up with\na way of estimating efficiency.\nWe'll see some\nchallenges with that.\nSlightly more abstractly,\nwe could count operations.\nWe could say here are the set\nof fundamental operations--\nmathematical operations,\ncomparisons, setting values,\nretrieving values.\nAnd simply say how many\nof those operations\ndo I use in my\nalgorithm as a function\nof the size of the input?\nAnd that could be used to\ngive us a sense of efficiency.\nWe're going to see both of\nthose are flawed somewhat more\nin the first case\nthan the second one.\nAnd so we're going to\nabstract that second one\nto a more abstract\nnotion of something\nwe call an order of growth.\nAnd I'll come back to that\nin a couple of minutes.\nThis is the one we're\ngoing to focus on.\nIt's one that computer\nscientists use."",""rank"":1},{""chunk_id"":""o9nW0uBqvEo:semantic_cosine_wp240_v1:10"",""excerpt"":""At times, you need to\nbe more sophisticated.\nTherefore, we want\nto reason about\nhow do we measure\nefficiency and how do we\nrelate algorithm design\nchoices to the cost that's\ngoing to be associated with it?\nOK.\nEven when we do that,\nwe've got a choice to make.\nBecause we could talk about\nboth efficiency in terms of time\nor in terms of space,\nmeaning how much storage\ndo I have inside the computer?\nAnd the reason\nthat's relevant is\nthere's actually in many cases\na trade-off between those two."",""rank"":2},{""chunk_id"":""o9nW0uBqvEo:semantic_cosine_wp240_v1:19"",""excerpt"":""I'm going to assume that\nall of these operations\ntake about the same amount\nof time inside my machine.\nNice thing here\nis then it doesn't\nmatter which machine I'm using.\nI'm measuring how long\ndoes the algorithm take\nby counting how many\noperations of this type\nare done inside\nof the algorithm.\nAnd I'm going to use\nthat count to come up\nwith a number of\noperations executed\nas a function of the\nsize of the input.\nAnd if I'm lucky,\nthat'll give me\na sense of what's the\nefficiency of the algorithm."",""rank"":3}]",answer,"Độ hiệu quả (efficiency) của một thuật toán được đo bằng số lượng các phép toán, so sánh, đặt giá trị, và lấy giá trị thực hiện trong thuật toán, được tính theo số lượng các phép toán thực hiện như một chức năng của kích thước của đầu vào.","[{""chunk_id"":""o9nW0uBqvEo:semantic_cosine_wp240_v1:14"",""excerpt"":""use that to try and come up with\na way of estimating efficiency.\nWe'll see some\nchallenges with that.\nSlightly more abstractly,\nwe could count operations.\nWe could say here are the set\nof fundamental operations--\nmathematical operations,\ncomparisons, setting values,\nretrieving values.\nAnd simply say how many\nof those operations\ndo I use in my\nalgorithm as a function\nof the size of the input?\nAnd that could be used to\ngive us a sense of efficiency.\nWe're going to see both of\nthose are flawed somewhat more\nin the first case\nthan the second one.\nAnd so we're going to\nabstract that second one\nto a more abstract\nnotion of something\nwe call an order of growth.\nAnd I'll come back to that\nin a couple of minutes.\nThis is the one we're\ngoing to focus on.\nIt's one that computer\nscientists use."",""rank"":1},{""chunk_id"":""o9nW0uBqvEo:semantic_cosine_wp240_v1:19"",""excerpt"":""I'm going to assume that\nall of these operations\ntake about the same amount\nof time inside my machine.\nNice thing here\nis then it doesn't\nmatter which machine I'm using.\nI'm measuring how long\ndoes the algorithm take\nby counting how many\noperations of this type\nare done inside\nof the algorithm.\nAnd I'm going to use\nthat count to come up\nwith a number of\noperations executed\nas a function of the\nsize of the input.\nAnd if I'm lucky,\nthat'll give me\na sense of what's the\nefficiency of the algorithm."",""rank"":3}]",passed,Insufficient,Incorrect,Correct,Incomplete,Grounded,All support,Vietnamese,"Answer mô tả đúng operation-counting/order-of-growth, nhưng expected answer còn có phương pháp timing bằng chạy test cases. Top 3 trong worksheet không cung cấp đầy đủ phần timing, nên evidence chưa đủ cho full answer và decision answer là quá mạnh.",false,true,false,false,decision|answer_quality_or_citation
mit60001-q-025,primary,Khóa học giải thích vai trò của tính kế thừa trong lập trình hướng đối tượng như thế nào?,"[""A parent class defines data attributes and methods or behaviors shared by its child classes."",""Child classes inherit all of those parent attributes and methods."",""A child class can add information or behavior specific to that subclass.""]","[{""chunk_id"":""FlGjISF3l78:semantic_cosine_wp240_v1:1"",""excerpt"":""able to create objects\nthat were of our own types.\nWe saw the coordinate example.\nAnd then at the\nend of the class,\nwe saw the fraction example.\nSo today we're going to\ntalk a little bit more\nabout object-oriented\nprogramming and classes.\nWe're going to see\na few more examples.\nAnd we're going to talk about\na few other nuances of classes,\ntalk about information\nhiding and class variables.\nAnd in the second\nhalf of the lecture,\nwe're going to talk about\nthe idea of inheritance.\nSo we're going to use\nobject-oriented programming\nto simulate how real life works.\nSo in real life, you\nhave inheritance.\nAnd in object-oriented\nprogramming,\nyou can also simulate that.\nOK, so the first\nfew slides are going"",""rank"":1},{""chunk_id"":""FlGjISF3l78:semantic_cosine_wp240_v1:7"",""excerpt"":""value.\nBut the x and y values\namong different instances\nare going to vary, OK?\nSo that's the difference\nbetween defining a class\nand looking at a particular\ninstance of a class.\nSo instances have the\nstructure of the class.\nSo for a coordinate,\nall instances\nhave an x value and a y value.\nBut the actual values\nare going to vary\nbetween the different instances.\nOK, so ultimately,\nwhy do we want\nto use object-oriented\nprogramming?\nSo, so far, the\nexamples that we've seen"",""rank"":2},{""chunk_id"":""8s0d87sjy1A:semantic_cosine_wp240_v1:1"",""excerpt"":""And then I want to\ninherit from Animal,\nso I don't want to\ninherit from object\nbut I want to inherit\nfrom Animal, right?\nSo that's perfect.\nNext question says, with\nthis definition of Dog,\nyou run a program with\nthose three lines.\nWhat happens?\nSo this is my definition and\nI have these three lines.\nLet's go down here.\nNice.\nOK.\nSo with these three lines,\nthis first line says,\nd is equal to Dog 7.\nSo I'm creating a Dog\nobject with age 7."",""rank"":3}]",abstain,,[],passed,Insufficient,Correct,N/A,N/A,N/A,N/A,N/A,"Top 3 cho thấy inheritance và ví dụ subclass nhưng chưa đủ bao phủ đầy đủ parent shared data/methods, child inheritance và child-specific additions. Abstain là phù hợp.",true,true,false,true,
mit60001-q-005,primary,"Theo khóa học, vì sao một hàm đệ quy cần có trường hợp cơ sở?","[""A base case gives recursion a directly solvable case and stops the unwinding of recursive calls."",""Having one or more easy base cases prevents infinite recursion.""]","[{""chunk_id"":""WPSeyjX1-4s:semantic_cosine_wp240_v1:8"",""excerpt"":""when I get to something\nI can solve directly.\nAnd so what we're going to do\nis avoid infinite recursion\nby ensuring that we have\nat least one or more base\ncases that are easy to solve.\nAnd then the basic\nidea is I just\nwant to solve the same\nproblem on some simpler\ninput with the idea\nof using that solution\nto solve the larger problem.\nOK, let's look at an\nexample, and to set\nthe stage I'm going to go back\nto something you've been doing,"",""rank"":1},{""chunk_id"":""WPSeyjX1-4s:semantic_cosine_wp240_v1:33"",""excerpt"":""What does it have to\ndo with programming?\nThat's exactly what\nwe're doing when we think\nabout recursive code, right?\nWe're saying, show that\nit's true for the base case,\nand then what I'm\nessentially assuming\nis that, if it works for\nvalues smaller than b,\nthen does the code return\nthe right answer for b?\nAnd the answer is,\nabsolutely it does,\nand I'm using induction to\ndeduce that, in fact, my code\ndoes the right thing.\nWhy am I torturing\nyou with this?\nBecause this is the way I want\nyou to think about recursion."",""rank"":2},{""chunk_id"":""WPSeyjX1-4s:semantic_cosine_wp240_v1:15"",""excerpt"":""Recursive definition that\nreduces a problem to a simpler\nversion of the same problem.\nOK, let's look at\nanother example.\nClassic problem in recursion\nis to compute factorial,\nright? n factorial,\nor n bang if you\nlike, n exclamation point\nis n times n minus 1,\nall the way down to 1.\nSo it's the product of\nall the integers from 1\nup to n assuming n is\na positive integer.\nSo we can ask the\nsame question if I\nwanted to solve this recursively\nwhat would the base case be?\nWell, when n is equal\nto 1, it's just 1.\nIn the recursive case,\nwill n times n minus 1\nall the way down to 1,\nthat's the same as n times"",""rank"":3}]",answer,hàm đệ quy cần có trường hợp cơ sở để tránh infinite recursion và đảm bảo tính chính xác của kết quả,"[{""chunk_id"":""WPSeyjX1-4s:semantic_cosine_wp240_v1:8"",""excerpt"":""when I get to something\nI can solve directly.\nAnd so what we're going to do\nis avoid infinite recursion\nby ensuring that we have\nat least one or more base\ncases that are easy to solve.\nAnd then the basic\nidea is I just\nwant to solve the same\nproblem on some simpler\ninput with the idea\nof using that solution\nto solve the larger problem.\nOK, let's look at an\nexample, and to set\nthe stage I'm going to go back\nto something you've been doing,"",""rank"":1},{""chunk_id"":""WPSeyjX1-4s:semantic_cosine_wp240_v1:33"",""excerpt"":""What does it have to\ndo with programming?\nThat's exactly what\nwe're doing when we think\nabout recursive code, right?\nWe're saying, show that\nit's true for the base case,\nand then what I'm\nessentially assuming\nis that, if it works for\nvalues smaller than b,\nthen does the code return\nthe right answer for b?\nAnd the answer is,\nabsolutely it does,\nand I'm using induction to\ndeduce that, in fact, my code\ndoes the right thing.\nWhy am I torturing\nyou with this?\nBecause this is the way I want\nyou to think about recursion."",""rank"":2}]",passed,Sufficient,Correct,Partial,Incomplete,Grounded,All support,Vietnamese,"Answer đúng rằng base case ngăn infinite recursion và liên quan tới correctness, nhưng thiếu ý base case là trường hợp giải trực tiếp/điểm dừng cụ thể của recursion. Evidence được chọn hỗ trợ các claim đã nêu.",true,true,false,false,answer_quality_or_citation
mit60001-q-004,primary,"Trong Python, câu lệnh gán (=) khác phép so sánh bằng (==) như thế nào?","[""The single equals sign assigns a value to a variable."",""The double equals sign tests whether two values are equal and produces a Boolean result.""]","[{""chunk_id"":""0jljZRnHwOI:semantic_cosine_wp240_v1:32"",""excerpt"":""Notice you can have\nnested conditionals.\nSo inside this first if,\nwe have another if here.\nAnd this inner if is only going\nto be checked when we enter\nthe first-- this outter if.\nI do want to make\none point, though.\nSo sometimes, you might forget\nto do the double equals sign\nwhen you are checking for\nequality, and that's OK.\nIf you just use one\nequals sign, Python's\ngoing to give you an error.\nAnd it's going to\nsay syntax error,\nand it's going to\nhighlight this line.\nAnd then you're going to know\nthat there's a mistake there.\nAnd you should be\nusing equality,\nbecause it doesn't\nmake sense to be\nusing-- to assign-- to be making\nan assignment inside the if.\nSo we've learned\nabout branching.\nAnd we know about conditionals.\nLet's try to apply\nthis to a little game."",""rank"":1},{""chunk_id"":""nykOeWgQcHM:semantic_cosine_wp240_v1:42"",""excerpt"":""Here's the list of all of\nthe scalar objects in Python.\nWe have integers, for example,\nall of the whole numbers.\nFloats, which are all of\nthe real numbers, anything\nwith a decimal.\nBools are Booleans.\nThere's only two\nvalues to Booleans.\nThat's True and False.\nNote the capitalization,\ncapital T and capital F.\nAnd this other thing\ncalled NoneType.\nIt's special.\nIt has only one\nvalue called None.\nAnd it represents the\nabsence of a type.\nAnd it sometimes comes in\nhandy for some programs."",""rank"":2},{""chunk_id"":""0jljZRnHwOI:semantic_cosine_wp240_v1:31"",""excerpt"":""So notice that we denoted\ncode blocks using indentation.\nAnd that's actually\none of the things\nthat I really like about Python.\nIt sort of forces you to\nwrite pretty code and nice\nlooking code and just\ncode that's very readable.\nAnd that forces you to indent\neverything that's a code block.\nSo you can easily see sort of\nwhere the flow of control is\nand where decision making\npoints are and things like that.\nSo in this particular example,\nwe have one if statement here,\nand it checks if two\nvariables are equal.\nAnd we have an if, elif, else.\nAnd in this example, we're\ngoing to enter either this code\nblock or this one or\nthis one, depending\non the variables of x and y.\nAnd we're only going\ninto one code block.\nAnd we'll enter the\nfirst one that's true."",""rank"":3}]",answer,"gán (=) không phải là phép so sánh bằng (==) trong Python. Trong Python, = được sử dụng để gán giá trị cho một biến, trong khi == được sử dụng để so sánh hai giá trị.","[{""chunk_id"":""nykOeWgQcHM:semantic_cosine_wp240_v1:42"",""excerpt"":""Here's the list of all of\nthe scalar objects in Python.\nWe have integers, for example,\nall of the whole numbers.\nFloats, which are all of\nthe real numbers, anything\nwith a decimal.\nBools are Booleans.\nThere's only two\nvalues to Booleans.\nThat's True and False.\nNote the capitalization,\ncapital T and capital F.\nAnd this other thing\ncalled NoneType.\nIt's special.\nIt has only one\nvalue called None.\nAnd it represents the\nabsence of a type.\nAnd it sometimes comes in\nhandy for some programs."",""rank"":2},{""chunk_id"":""0jljZRnHwOI:semantic_cosine_wp240_v1:31"",""excerpt"":""So notice that we denoted\ncode blocks using indentation.\nAnd that's actually\none of the things\nthat I really like about Python.\nIt sort of forces you to\nwrite pretty code and nice\nlooking code and just\ncode that's very readable.\nAnd that forces you to indent\neverything that's a code block.\nSo you can easily see sort of\nwhere the flow of control is\nand where decision making\npoints are and things like that.\nSo in this particular example,\nwe have one if statement here,\nand it checks if two\nvariables are equal.\nAnd we have an if, elif, else.\nAnd in this example, we're\ngoing to enter either this code\nblock or this one or\nthis one, depending\non the variables of x and y.\nAnd we're only going\ninto one code block.\nAnd we'll enter the\nfirst one that's true."",""rank"":3}]",passed,Insufficient,Incorrect,Correct,Incomplete,Grounded,Partial support,Vietnamese,"Answer nêu đúng '=' dùng assignment và '==' dùng comparison, nhưng thiếu Boolean-result point. Full Top 3 không bao phủ đầy đủ expected answer, và selected citations không trực tiếp hỗ trợ cả hai vế assignment-vs-equality.",false,true,false,false,decision|answer_quality_or_citation
mit60001-q-023,excluded_frozen_ground_truth_ambiguity,"Theo khóa học, abstraction được giải thích như thế nào khi các hàm được sử dụng trong chương trình?","[""Abstraction captures a computation inside a procedure and exposes a contract."",""The caller does not need to know the procedure's internal details as long as it delivers the promised result."",""Functions also support decomposition by organizing code into coherent structural units.""]","[{""chunk_id"":""MjbuarJ7SE0:semantic_cosine_wp240_v1:6"",""excerpt"":""later on if they find it useful.\nSo today we're introducing\nthis idea of functions.\nAnd functions are\nmechanisms to achieve\ndecomposition and abstraction.\nSo these are two\nkey words here that\nare going to pop up\nin today's lecture\nand also in future lectures.\nSo before I introduce\ndecomposition and abstraction\nin the context of\nfunctions, let's\nfirst take a look at just\nsort of a real-life example.\nSo let's take a projector.\nI'm using one right now.\nQuick show of hands."",""rank"":1},{""chunk_id"":""MjbuarJ7SE0:semantic_cosine_wp240_v1:54"",""excerpt"":""So that's sort of\nshowing nested functions.\nAll right just circling back\nto decomposition-abstraction.\nThis is the last slide.\nYou can see if you look\nat the code associated\nwith today's lecture, there\nare some other examples\nwhere you can see\njust how powerful it\nis to use functions.\nAnd you can write really\nclean and simple code\nif you define your own functions\nand then just use them later.\nAnd the beauty of defining\nyour own functions\nthat you can use\nmultiple times later\nis you only have to debug\nthe function once right?\nI know debugging is not\nyour favorite thing,\nbut you only have to\ndebug this one thing once,\nand then you can know that\nit's right and it works well,\nand you can just use\nit multiple times.\nAll right thanks everyone."",""rank"":2},{""chunk_id"":""MjbuarJ7SE0:semantic_cosine_wp240_v1:13"",""excerpt"":""OK so decomposition is creating\nstructure in your code.\nAnd abstraction is the idea\nof suppressing details.\nSo in the projector example,\nremember, abstraction\nwas you didn't need to know\nexactly how the projector\nworked in order to use it.\nAnd it's going to be the\nsame idea in programming.\nSo once you write a piece of\ncode that does a little task,\nyou don't need to rewrite\nthat piece of code many times.\nYou've written it\nonce, and you write\nthis thing called a function\nspecification for it,\nor a docstring.\nAnd this is a piece of\ntext that tells anyone\nelse who would want to use it\nin the future-- other people,\nmaybe yourself-- it tells\nthem how to use this function."",""rank"":3}]",abstain,,[],passed,Sufficient,Incorrect,N/A,N/A,N/A,N/A,N/A,"Top 3 có evidence liên quan decomposition/abstraction/functions, nhưng row đã freeze là excluded_frozen_ground_truth_ambiguity. Không dùng decision hay answer quality của câu này trong primary M6 metrics.",false,true,false,false,decision
mit60001-q-033,primary,Khóa học liên hệ việc phân rã và trừu tượng hóa với nhau như thế nào khi xây dựng chương trình bằng các hàm?,"[""Decomposition creates structure by splitting a program into functional units."",""Abstraction suppresses implementation details behind a function specification or docstring."",""Once a task is implemented as a function, it can be reused without rewriting the code or knowing its internal details.""]","[{""chunk_id"":""RvRKT-jXvko:semantic_cosine_wp240_v1:0"",""excerpt"":""The following content is\nprovided under a Creative\nCommons license.\nYour support will help\nMIT OpenCourseWare\ncontinue to offer high quality\neducational resources for free.\nTo make a donation or\nview additional materials\nfrom hundreds of MIT courses,\nvisit MIT OpenCourseWare\nat ocw.mit.edu.\nPROFESSOR: Quick, quick recap\nof what we did last time.\nSo last time we introduced\nthis idea of decomposition\nand abstraction.\nAnd we started putting\nthat into our programs.\nAnd these were sort of\nhigh level concepts,\nand we achieved them using\nthese concrete things called\nfunctions in our programs.\nAnd functions\nallowed us to create\ncode that was coherent, that\nhad some structure to it,\nand was reusable.\nOK.\nAnd from now on in problem\nsets and in lectures,"",""rank"":1},{""chunk_id"":""nykOeWgQcHM:semantic_cosine_wp240_v1:6"",""excerpt"":""looks like.\nAnd underlying all of\nthese is just practice.\nYou have to just type some\nstuff away and code a lot.\nAnd you'll succeed in\nthis course, I think.\nOK.\nSo what are the things we're\ngoing to learn in this class?\nI feel like the things we're\ngoing learn in this class\ncan be divided into basically\nthree different sections.\nThe first one is related to\nthese first two items here.\nIt's really about\nlearning how to program.\nLearning how to\nprogram, part of it\nis figuring out what\nobjects to create.\nYou'll learn about these later.\nHow do you represent knowledge\nwith data structures?\nThat's sort of the\nbroad term for that.\nAnd then, as you're\nwriting programs,"",""rank"":2},{""chunk_id"":""nykOeWgQcHM:semantic_cosine_wp240_v1:17"",""excerpt"":""Sorry.\n75.\nOK.\nUp we go.\nThere we go.\nLauren Z-O-V. Yeah.\nNice.\nYou're here.\nAwesome.\nAll right.\nThat's an example of me\nbeing a machine and also,\nat the same time, using\nPython in my everyday life,\njust lecturing, to\nfind a random number.\nTry to use Python\nwherever you can.\nAnd that just\ngives you practice.\nThat was fun.\nBut we're at MIT.\nWe're MIT students.\nAnd we love numbers here at MIT.\nHere's a numerical\nexample that shows\nthe difference between\ndeclarative and imperative\nknowledge.\nAn example of\ndeclarative knowledge\nis the square root of a number\nx is y such that y times y\nis equal to x.\nThat's just a statement\nof fact It's true."",""rank"":3}]",abstain,,[],passed,Insufficient,Correct,N/A,N/A,N/A,N/A,N/A,Top 3 có evidence về decomposition/functions nhưng không đủ cho phần abstraction che giấu implementation behind specification/docstring và mối liên hệ đầy đủ giữa hai concept. Abstain là phù hợp.,true,true,false,true,
mit60001-q-020,primary,"Bài giảng sử dụng len, indexing và slicing như thế nào để xem xét hoặc trích xuất các phần của một chuỗi?","[""len returns the number of characters in a string."",""Indexing retrieves the character at a specified position in the string."",""Slicing extracts a substring using start and stop indices and an optional step.""]","[{""chunk_id"":""SE4P7IVCunE:semantic_cosine_wp240_v1:4"",""excerpt"":""And by definition, it's\ngoing to tell me what\nthe length of the string,\nwhich is 3 characters long.\nAnother thing that\nwe can do on strings\nis, since they're a\nsequence of characters,\nI might want to get\nwhat character is\nat a certain position.\nSo we do this using this\nfancy word called indexing.\nBut pretty much what\nindexing into a string means\nis you're going\nto tell Python, I\nwant to know the character,\nat this certain position\nor at this certain\nindex, inside my sting.\nSo once again, let's use this\nstring, s is equal to \""abc.\""\nAnd let's index into it.\nSo in computer science, we start\nfrom 0, counting by convention."",""rank"":1},{""chunk_id"":""SE4P7IVCunE:semantic_cosine_wp240_v1:12"",""excerpt"":""And that's just going to value\nit to the string, itself.\nIt's the same as 0 to the\nlength s going every step.\nThis one might\nactually be useful.\nIt reverses the string\nautomatically for you.\nSo with this one\nlittle line here,\nyou can get the\ninverse of your string.\nAnd that's equivalent to that.\nSo the minus 1 represents\nstarting from the end\nand going back every letter.\nAnd then this one's a little\nbit more complicated but also\nnot too bad.\nSo as we're doing\nthese string slices,\nagain, if you're unsure\nwhat something does,\njust type it into Spider.\nAnd you might be surprised."",""rank"":2},{""chunk_id"":""SE4P7IVCunE:semantic_cosine_wp240_v1:9"",""excerpt"":""with strings, we call that\nslicing, slicing into a string.\nAnd this notation here should\nseem a little bit familiar,\nbecause we saw it last lecture\nwhen we did it with range.\nWe had a start,\nstop, and a step.\nThe notation was a\nlittle bit different,\nbecause, in range, we had\nopen-close parentheses\nand commas in between.\nBut except for that, this\nsort of works the same.\nThe start is the\nindex, starting from 0,\nfrom where you want to\nslice into this string.\nThe stop is the stop index.\nSo you're going to go\nup until stop minus 1\nand take that index.\nAnd then the step is how many\nletters you wish to take.\nSo this is the\nfull notation here.\nBut sometimes, you\ncan not give it\na third sort of number in here.\nSo if you only give\nit two numbers,"",""rank"":3}]",answer,"Bài giảng sử dụng len, indexing và slicing để xem xét hoặc trích xuất các phần của một chuỗi. Len được sử dụng để biết độ dài của chuỗi. Indexing được sử dụng để lấy một ký tự tại một vị trí cụ thể trong chuỗi. Slicing được sử dụng để lấy một phần của chuỗi, với notation start-stop[step].","[{""chunk_id"":""SE4P7IVCunE:semantic_cosine_wp240_v1:4"",""excerpt"":""And by definition, it's\ngoing to tell me what\nthe length of the string,\nwhich is 3 characters long.\nAnother thing that\nwe can do on strings\nis, since they're a\nsequence of characters,\nI might want to get\nwhat character is\nat a certain position.\nSo we do this using this\nfancy word called indexing.\nBut pretty much what\nindexing into a string means\nis you're going\nto tell Python, I\nwant to know the character,\nat this certain position\nor at this certain\nindex, inside my sting.\nSo once again, let's use this\nstring, s is equal to \""abc.\""\nAnd let's index into it.\nSo in computer science, we start\nfrom 0, counting by convention."",""rank"":1},{""chunk_id"":""SE4P7IVCunE:semantic_cosine_wp240_v1:12"",""excerpt"":""And that's just going to value\nit to the string, itself.\nIt's the same as 0 to the\nlength s going every step.\nThis one might\nactually be useful.\nIt reverses the string\nautomatically for you.\nSo with this one\nlittle line here,\nyou can get the\ninverse of your string.\nAnd that's equivalent to that.\nSo the minus 1 represents\nstarting from the end\nand going back every letter.\nAnd then this one's a little\nbit more complicated but also\nnot too bad.\nSo as we're doing\nthese string slices,\nagain, if you're unsure\nwhat something does,\njust type it into Spider.\nAnd you might be surprised."",""rank"":2},{""chunk_id"":""SE4P7IVCunE:semantic_cosine_wp240_v1:9"",""excerpt"":""with strings, we call that\nslicing, slicing into a string.\nAnd this notation here should\nseem a little bit familiar,\nbecause we saw it last lecture\nwhen we did it with range.\nWe had a start,\nstop, and a step.\nThe notation was a\nlittle bit different,\nbecause, in range, we had\nopen-close parentheses\nand commas in between.\nBut except for that, this\nsort of works the same.\nThe start is the\nindex, starting from 0,\nfrom where you want to\nslice into this string.\nThe stop is the stop index.\nSo you're going to go\nup until stop minus 1\nand take that index.\nAnd then the step is how many\nletters you wish to take.\nSo this is the\nfull notation here.\nBut sometimes, you\ncan not give it\na third sort of number in here.\nSo if you only give\nit two numbers,"",""rank"":3}]",passed,Sufficient,Correct,Correct,Complete,Grounded,All support,Vietnamese,"Answer bao phủ đúng len, indexing và slicing; Top 3 và các selected citations hỗ trợ trực tiếp các claim. Đây là strict grounded answer.",true,true,true,true,
